 ,Ala Mhigan Mustard,Pearl Ginger Root,,Azeyma Rose,Mandrake,,Blood Pepper,Royal Fern,,Blood Currant,Mirror Apple,,Coerthan Carrot,Paprika,,Pixie Plum,Sun Lemon,,Glazenut,Royal Kukuru,Umbrella Fig,,La Noscean Lettuce,Olive,Wild Onion Set,"Allagan
Melon",,Almond,Cloudsbreath,Coerthan Tea,Shroud Tea,,Chive,Dzemael Tomato,La Noscean Leek,Pearl Sprout,,Cloud Acorn,Faerie Apple,La Noscean Orange,Lowland Grape,,Althyk Lavender,Black Pepper,Garlic Cloves,Lavender,Voidrake,,Broombush,Halone Gerbera,Jute,Nymeia Lily,Pearl Roselle,,Curiel Root,Mimett Gourd,Pahsana Fruit,Sylkis Bud,Tantalplant,,Earthlight,Firelight,Icelight,Levinlight,Waterlight,Windlight,,Eggplant Knight,Garlic Jester,Mandragora Queen,Onion Prince,Star Anise,Tomato King,,Cieldalaes Pineapple,Doman Plum,Gysahl Greens,Han Lemon,Krakka Root,Mamook Pear,O'Ghomoro Berry,Thavnairian Onion,Valfruit,Xelphatol Apple,,Apricot,Chamomile,Dalamud Popoto Set,Honey Lemon,Linseed,Midland Basil,Midland Cabbage,Millioncorn,Old World Fig,Popoto Set,Prickly Pineapple,Rolanberry,Wizard Eggplant,
Ala Mhigan Mustard,,Linseed,,Almond,Almond,,"LaNo Leek

Onion Prince","LaNo Leek

Onion Prince",,"Blood Currant

Pearl Ginger","Blood Currant

Pearl Ginger",,"Paprika

Pearl Ginger","Paprika

Pearl Ginger",,"Pearl Ginger

Sun Lemon","Pearl Ginger

Sun Lemon",,"Apricot

Onion Prince","Apricot

Onion Prince","Apricot

Onion Prince",,"AlaM Mustard

Coerth. Carrot","AlaM Mustard

Coerth. Carrot","AlaM Mustard

Coerth. Carrot","AlaM Mustard

Coerth. Carrot",,Almond,Almond,Almond,Almond,,"Dz. Tomato

Mid. Basil","Dz. Tomato

Mid. Basil","Dz. Tomato

Mid. Basil","Dz. Tomato

Mid. Basil",,"AlaM Mustard

Pixie Plum","AlaM Mustard

Pixie Plum","AlaM Mustard

Pixie Plum","AlaM Mustard

Pixie Plum",,Pearl Ginger,Pearl Ginger,Pearl Ginger,Pearl Ginger,Pearl Ginger,,Shroud Tea,Shroud Tea,Shroud Tea,Shroud Tea,Shroud Tea,,"Gysahl Greens

Linseed","Gysahl Greens

Linseed","Gysahl Greens

Linseed","Gysahl Greens

Linseed","Gysahl Greens

Linseed",,AlaM Mustard,AlaM Mustard,AlaM Mustard,AlaM Mustard,AlaM Mustard,AlaM Mustard,,Az. Rose,Az. Rose,Az. Rose,Az. Rose,Az. Rose,Az. Rose,,"AlaM Mustard

Gysahl Greens","AlaM Mustard

Gysahl Greens","AlaM Mustard

Gysahl Greens","AlaM Mustard

Gysahl Greens","AlaM Mustard

Gysahl Greens","AlaM Mustard

Gysahl Greens","AlaM Mustard

Gysahl Greens","AlaM Mustard

Gysahl Greens","AlaM Mustard

Gysahl Greens","AlaM Mustard

Gysahl Greens",,"Honey Lemon

Mid. Basil",Mid. Basil,"Dz. Tomato

Mandrake","Linseed

Rolanberry",Mandrake,Garlic Jester,"Mid. Basil

Mid. Cabbage","Linseed

Wiz. Eggplant","Apricot

Garlic Jester","Pearl Ginger

Popoto","Honey Lemon

Mid. Basil","Linseed

Mirror Apple","Linseed

Wiz. Eggplant",
Pearl Ginger Root,Linseed,,,Almond,Almond,,"LaNo Leek

Onion Prince","LaNo Leek

Onion Prince",,"Blood Currant

Pearl Ginger","Blood Currant

Pearl Ginger",,"Paprika

Pearl Ginger","Paprika

Pearl Ginger",,"Pearl Ginger

Sun Lemon","Pearl Ginger

Sun Lemon",,"Apricot

Onion Prince","Apricot

Onion Prince","Apricot

Onion Prince",,"AlaM Mustard

Coerth. Carrot","AlaM Mustard

Coerth. Carrot","AlaM Mustard

Coerth. Carrot","AlaM Mustard

Coerth. Carrot",,Almonds,Almond,Almond,Almond,,"Dz. Tomato

Mid. Basil","Dz. Tomato

Mid. Basil","Dz. Tomato

Mid. Basil","Dz. Tomato

Mid. Basil",,"AlaM Mustard

Pixie Plum","AlaM Mustard

Pixie Plum","AlaM Mustard

Pixie Plum","AlaM Mustard

Pixie Plum",,Pearl Ginger,Pearl Ginger,Pearl Ginger,Pearl Ginger,Pearl Ginger,,Shroud Tea,Shroud Tea,Shroud Tea,Shroud Tea,Shroud Tea,,"Gysahl Greens

Linseed","Gysahl Greens

Linseed","Gysahl Greens

Linseed","Gysahl Greens

Linseed","Gysahl Greens

Linseed",,AlaM Mustard,AlaM Mustard,AlaM Mustard,AlaM Mustard,AlaM Mustard,AlaM Mustard,,Az. Rose,Az. Rose,Az. Rose,Az. Rose,Az. Rose,Az. Rose,,"AlaM Mustard

Gysahl Greens","AlaM Mustard

Gysahl Greens","AlaM Mustard

Gysahl Greens","AlaM Mustard

Gysahl Greens","AlaM Mustard

Gysahl Greens","AlaM Mustard

Gysahl Greens","AlaM Mustard

Gysahl Greens","AlaM Mustard

Gysahl Greens","AlaM Mustard

Gysahl Greens","AlaM Mustard

Gysahl Greens",,"Honey Lemon

Mid. Basil",Mid. Basil,"Dz. Tomato

Mandrake","Linseed

Rolanberry",Mandrake,Garlic Jester,"Mid. Basil

Mid. Cabbage","Linseed

Wiz. Eggplant","Apricot

Garlic Jester","Pearl Ginger

Popoto","Honey Lemon

Mid. Basil","Linseed

Mirror Apple","Linseed

Wiz. Eggplant",
,,,,,,,,,,,,,,,,,,,,,,,,,,,,,,,,,,,,,,,,,,,,,,,,,,,,,,,,,,,,,,,,,,,,,,,,,,,,,,,,,,,,,,,,,,,,,,,,,,,
Azeyma Rose,Almond,Almond,,,Star Anise,,"Az. Rose

Dal. Popoto","Az. Rose

Dal. Popoto",,"Mandrake

Rolanberry","Mandrake

Rolanberry",,"Garlic Jester

Wiz. Eggplant","Garlic Jester

Wiz. Eggplant",,"Garlic Jester

Mirror Apple","Garlic Jester

Mirror Apple",,"Az. Rose

Royal Kukuru","Az. Rose

Royal Kukuru","Az. Rose

Royal Kukuru",,"Onion Prince

Popoto","Onion Prince

Popoto","Onion Prince

Popoto","Onion Prince

Popoto",,Ny Lily,Ny. Lily,Ny Lily,Ny Lily,,"LaNo Leek

Tomato King","LaNo Leek

Tomato King","LaNo Leek

Tomato King","LaNo Leek

Tomato King",,"Blood Currant

Onion Prince","Blood Currant

Onion Prince","Blood Currant

Onion Prince","Blood Currant

Onion Prince",,Garlic Jester,Garlic Jester,Garlic Jester,Garlic Jester,Garlic Jester,,Jute,Jute,Jute,Jute,Jute,,Eggplant Knight,Eggplant Knight,Eggplant Knight,Eggplant Knight,Eggplant Knight,,Mandrake,Mandrake,Mandrake,Mandrake,Mandrake,Mandrake,,Pearl Roselle,Pearl Rose.,Pearl Rose,Pearl Rose,Pearl Rose,Pearl Roselle,,"Mimett Gourd

Onion Prince","Mimett Gourd

Onion Prince","Mimett Gourd

Onion Prince","Mimett Gourd

Onion Prince","Mimett Gourd

Onion Prince","Mimett Gourd

Onion Prince","Mimett Gourd

Onion Prince","Mimett Gourd

Onion Prince","Mimett Gourd

Onion Prince","Mimett Gourd

Onion Prince",,"Apricot

Tomato King",Halone Gerb.,"Az. Rose

LaNo Leek","Eggplant Knight

Honey Lemon",Az. Rose,Shroud Tea,"Almond

Dz. Tomato","Almond

Mid. Cabbage","Royal Kukuru

Shroud Tea","Mandrake

Wiz. Eggplant",Almond,"Almond

Honey lemon","Dz. Tomato

Eggplant Knight",
Mandrake,Almond,X,,Star Anise,,,"Az. Rose

Dal. Popoto","Az. Rose

Dal. Popoto",,"Mandrake

Rolanberry","Mandrake

Rolanberry",,"Garlic Jester

Wiz. Eggplant","Garlic Jester

Wiz. Eggplant",,"Garlic Jester

Mirror Apple","Garlic Jester

Mirror Apple",,"Az. Rose

Royal Kukuru","Az. Rose

Royal Kukuru","Az. Rose

Royal Kukuru",,"Onion Prince

Popoto","Onion Prince

Popoto","Onion Prince

Popoto","Onion Prince

Popoto",,Ny. Lily,Ny. Lily,Ny. Lily,Ny Lily,,"LaNo Leek

Tomato King","LaNo Leek

Tomato King","LaNo Leek

Tomato King","LaNo Leek

Tomato King",,"Blood Currant

Onion Prince","Blood Currant

Onion Prince","Blood Currant

Onion Prince","Blood Currant

Onion Prince",,Garlic Jester,Garlic Jester,Garlic Jester,Garlic Jester,Garlic Jester,,Jute,Jute,Jute,"Mandragora
Queen",Jute,,Eggplant Knight,Eggplant Knight,Eggplant Knight,Eggplant Knight,Eggplant Knight,,Mandrake,Mandrake,Mandrake,Mandrake,Mandrake,Mandrake,,Pearl Rose,Pearl Rose,Pearl Rose,Pearl Rose,Pearl Rose,Pearl Rose,,"Mimett Gourd

Onion Prince","Mimett Gourd

Onion Prince","Mimett Gourd

Onion Prince","Mimett Gourd

Onion Prince","Mimett Gourd

Onion Prince","Mimett Gourd

Onion Prince","Mimett Gourd

Onion Prince","Mimett Gourd

Onion Prince","Mimett Gourd

Onion Prince","Mimett Gourd

Onion Prince",,"Apricot

Tomato King",Almond,"Az. Rose

LaNo Leek","Eggplant Knight

Honey Lemon",Az. Rose,Shroud Tea,"Almond

Dz. Tomato","Almond

Mid. Cabbage","Royal Kukuru

Shroud Tea","Mandrake

Wiz. Eggplant",Almond,"Almond

Honey lemon","Dz. Tomato

Eggplant Knight",
,,,,,,,,,,,,,,,,,,,,,,,,,,,,,,,,,,,,,,,,,,,,,,,,,,,,,,,,,,,,,,,,,,,,,,,,,,,,,,,,,,,,,,,,,,,,,,,,,,,
Blood Pepper,"LaNo Leek

Onion Prince",Onion Prince,,Dal. Popoto,X,,,Dz. Tomato,,"Honey Lemon

LaNo Leek","Honey Lemon

LaNo Leek",,LaNo Leek,LaNo Leek,,"LaNo Leek

Rolanberry","LaNo Leek

Rolanberry",,"Dal. Popoto

Royal Kukuru","Dal. Popoto

Royal Kukuru","Dal. Popoto

Royal Kukuru",,LaNo Leek,LaNo Leek,LaNo Leek,LaNo Leek,,"Dal. Popoto

Shroud Tea","Dal. Popoto

Shroud Tea","Dal. Popoto

Shroud Tea","Dal. Popoto

Shroud Tea",,"December
2018","November
2018","December
2015","December
2015",,"Dz. Tomato

Mirror Apple","Dz. Tomato

Mirror Apple","Dz. Tomato

Mirror Apple","Dz. Tomato

Mirror Apple",,"Dz. Tomato

Mid. Basil","Dz. Tomato

Mid. Basilil","Dz. Tomato

Mid. Basil","Dz. Tomato

Mid. Basil","Dz. Tomato

Mid. Basil",,"Dal. Popoto

Nymeia Lily","Dal. Popoto

Nymeia Lily","Dal. Popoto

Nymeia Lily","Dal. Popoto

Nymeia Lily","Dal. Popoto

Nymeia Lily",,"LaNo Leek

Thav. Onion","LaNo Leek

Thav. Onion","LaNo Leek

Thav. Onion","LaNo Leek

Thav. Onion","LaNo Leek

Thav. Onion",,Dz. Tomato,Dz. Tomato,Dz. Tomato,Dz. Tomato,Dz. Tomato,Dz. Tomato,,"Dal. Popoto

Star Anise","Dal. Popoto

Star Anise","Dal. Popoto

Star Anise","Dal. Popoto

Star Anise","Dal. Popoto

Star Anise","Dal. Popoto

Star Anise",,Dz. Tomato,Dz. Tomato,Dz. Tomato,Dz. Tomato,Dz. Tomato,Dz. Tomato,Dz. Tomato,Dz. Tomato,Dz. Tomato,Dz. Tomato,,"Apricot

Dal. Popoto","LaNo Leek

Mandrake","December
2015","LaNo Leek

P. Pineapple","Eggplant Knight

LaNo Leek","LaNo Leek

Tomato King",Chive,Dal. Popoto,Royal Fern,Dal. Popoto,"Apricot

Dal. Popoto","Apricot

LaNo Leek","December
2015",
Royal Fern,"LaNo Leek

Onion Prince","LaNo Leek

Onion Prince",,"Az. Rose

Dal. Popoto","Az. Rose

Dal. Popoto",,Dz. Tomato,,,"Honey Lemon

LaNo Leek","Honey Lemon

LaNo Leek",,LaNo Leek,LaNo Leek,,"LaNo Leek

Rolanberry","LaNo Leek

Rolanberry",,"Dal. Popoto

Royal Kukuru","Dal. Popoto

Royal Kukuru","Dal. Popoto

Royal Kukuru",,LaNo Leek,LaNo Leek,LaNo Leek,LaNo Leek,,"Dal. Popoto

Shroud Tea","Dal. Popoto

Shroud Tea","Dal. Popoto

Shroud Tea","Dal. Popoto

Shroud Tea",,"December
2018","September
2018","August 
2018","July 
2018",,"Dz. Tomato

Mirror Apple","Dz. Tomato

Mirror Apple","Dz. Tomato

Mirror Apple","Dz. Tomato

Mirror Apple",,"Dz. Tomato

Mid. Basil","Dz. Tomato

Mid. Basil","Dz. Tomato

Mid. Basil","Dz. Tomato

Mid. Basil","Dz. Tomato

Mid. Basil",,"Dal. Popoto

Nymeia Lily","Dal. Popoto

Nymeia Lily","Dal. Popoto

Nymeia Lily","Dal. Popoto

Nymeia Lily","Dal. Popoto

Nymeia Lily",,"LaNo Leek

Thav. Onion","LaNo Leek

Thav. Onion","LaNo Leek

Thav. Onion","LaNo Leek

Thav. Onion","LaNo Leek

Thav. Onion",,Dz. Tomato,Dz. Tomato,Dz. Tomato,Dz. Tomato,Dz. Tomato,Dz. Tomato,,"Dal. Popoto

Star Anise","Dal. Popoto

Star Anise","Dal. Popoto

Star Anise","Dal. Popoto

Star Anise","Dal. Popoto

Star Anise","Dal. Popoto

Star Anise",,Dz. Tomato,Dz. Tomato,Dz. Tomato,Dz. Tomato,Dz. Tomato,Dz. Tomato,Dz. Tomato,Dz. Tomato,Dz. Tomato,Dz. Tomato,,"Apricot

Dal. Popoto","LaNo Leek

Mandrake","September
2018","LaNo Leek

P. Pineapple","Eggplant Knight

LaNo Leek","LaNo Leek

Tomato King",Chive,Dal. Popoto,Royal Kukuru,Dal. Popoto,"Apricot

Dal. Popototo","Apricot

LaNo Leek","October
2018",
,,,,,,,,,,,,,,,,,,,,,,,,,,,,,,,,,,,,,,,,,,,,,,,,,,,,,,,,,,,,,,,,,,,,,,,,,,,,,,,,,,,,,,,,,,,,,,,,,,,
Blood Currant,"Blood Currant

Pearl Ginger","Blood Currant

Pearl Ginger",,"Mandrake

Rolanberry","Mandrake

Rolanberry",,"Honey Lemon

LaNo Leek","Honey Lemon

LaNo Leek",,,Rolanberry,,"Blood Currant

Paprika","Blood Currant

Paprika",,Mirror Apple,Mirror Apple,,Royal Kukuru,Royal Kukuru,Royal Kukuru,,"Coerth. Carrot

Sun Lemon","Coerth. Carrot

Sun Lemon","Coerth. Carrot

Sun Lemon","Coerth. Carrot

Sun Lemon",,"Eggplant Knight

Rolanberry","Eggplant Knight

Rolanberry","Eggplant Knight

Rolanberry","Eggplant Knight

Rolanberry",,"LaNo Leek

Rolanberry","LaNo Leek

Rolanberry","LaNo Leek

Rolanberry","LaNo Leek

Rolanberry",,Blood Currant,Blood Currant,Blood Currant,Blood Currant,,"AlaM Mustard

Sun Lemon","AlaM Mustard

Sun Lemon","AlaM Mustard

Sun Lemon","AlaM Mustard

Sun Lemon","AlaM Mustard

Sun Lemon",,"Azeyma Rose

Honey Lemon","Azeyma Rose

Honey Lemon","Azeyma Rose

Honey Lemon","Azeyma Rose

Honey Lemon","Azeyma Rose

Honey Lemon",,Mirror Apple,Mirror Apple,Mirror Apple,Mirror Apple,Mirror Apple,,Sun Lemon,Sun Lemon,Sun Lemon,Sun Lemon,Sun Lemon,Sun Lemon,,"Honey Lemon

Tomato King","Honey Lemon

Tomato King","Honey Lemon

Tomato King","Honey Lemon

Tomato King","Honey Lemon

Tomato King","Honey Lemon

Tomato King",,"Curiel Root

Sun Lemon","Curiel Root

Sun Lemon","Curiel Root

Sun Lemon","Curiel Root

Sun Lemon","Curiel Root

Sun Lemon","Curiel Root

Sun Lemon","Curiel Root

Sun Lemon","Curiel Root

Sun Lemon","Curiel Root

Sun Lemon","Curiel Root

Sun Lemon",,Apricot,"Blood Currant

Linseed","Dz. Tomato

Honey Lemon",Honey Lemon,"Mid. Basil

Mirror Apple","Onion Prince

Mirror Apple","Mid. Cabbage

Rolanberry","Mirror Apple

Wiz. Eggplant",Royal Kukuru,"Blood Currant

Popoto",P. Pineapple,Honey Lemon,"Mid. Cabbage

Mirror Apple",
Mirror Apple,Blood Currant*,"Blood Currant

Pearl Ginger",,"Mandrake

Rolanberry","Mandrake

Rolanberry",,X,"LaNo Leek

 Mirror Apple",,Rolanberry,,,"Blood Currant

Paprika","Blood Currant

Paprika",,Mirror Apple,Mirror Apple,,Royal Kukuru,Royal Kukuru,Royal Kukuru,,"Coerth. Carrot

Sun Lemon","Coerth. Carrot

Sun Lemon","Coerth. Carrot

Sun Lemon","Coerth. Carrot

Sun Lemon",,"Eggplant Knight

Rolanberry","Eggplant Knight

Rolanberry","Eggplant Knight

Rolanberry","Eggplant Knight

Rolanberry",,"LaNo Leek

Rolanberry","LaNo Leek

Rolanberry","LaNo Leek

Rolanberry","LaNo Leek

Rolanberry",,Blood Currant,Blood Currant,Blood Currant,Blood Currant,,"AlaM Mustard

Sun Lemon","AlaM Mustard

Sun Lemon","AlaM Mustard

Sun Lemon","AlaM Mustard

Sun Lemon","AlaM Mustard

Sun Lemon",,"Azeyma Rose

Honey Lemon","Azeyma Rose

Honey Lemon","Azeyma Rose

Honey Lemon","Azeyma Rose

Honey Lemon","Azeyma Rose

Honey Lemon",,Mirror Apple,Mirror Apple,Mirror Apple,Mirror Apple,Mirror Apple,,Sun Lemon,Sun Lemon,Sun Lemon,Sun Lemon,Sun Lemon,Sun Lemon,,"Honey Lemon

Tomato King","Honey Lemon

Tomato King","Honey Lemon

Tomato King","Honey Lemon

Tomato King","Honey Lemon

Tomato King","Honey Lemon

Tomato King",,"Curiel Root

Sun Lemon","Curiel Root

Sun Lemon","Curiel Root

Sun Lemon","Curiel Root

Sun Lemon","Curiel Root

Sun Lemon","Curiel Root

Sun Lemon","Curiel Root

Sun Lemon","Curiel Root

Sun Lemon","Curiel Root

Sun Lemon","Curiel Root

Sun Lemon",,Apricot,"Blood Currant

Linseed","Dz. Tomato

Honey Lemon",Honey Lemon,"Mid. Basil

Mirror Apple","Mirror Apple

Onion Prince","Mid. Cabbage

Rolanberry","Mirror Apple

Wiz. Eggplant",Royal Kukuru,"Blood Currant

Popoto",P. Pineapple,Honey Lemon,"Mid. Cabbage

Mirror Apple",
,,,,,,,,,,,,,,,,,,,,,,,,,,,,,,,,,,,,,,,,,,,,,,,,,,,,,,,,,,,,,,,,,,,,,,,,,,,,,,,,,,,,,,,,,,,,,,,,,,,
Coerthan Carrot,"Paprika

Pearl Ginger",X,,"Garlic Jester

Wiz. Eggplant",X,,LaNo Leek,LaNo Leek,,"Blood Currant

Paprika",X,,,Popoto,,"Paprika

Sun Lemon","Paprika

Sun Lemon",,"Apricot

Mid. Cabbage","Apricot

Mid. Cabbage","Apricot

Mid. Cabbage",,Paprika,Paprika,Paprika,Paprika,,"Almond

Wiz. Eggplant","Almond

Wiz. Eggplant","Almond

Wiz. Eggplant","Almond

Wiz. Eggplant",,Dz. Tomato,Dz. Tomato,Dz. Tomato,Dz. Tomato,,"Coerth. Carrot

Pixie Plum","Coerth. Carrot

Pixie Plum","Coerth. Carrot

Pixie Plum","Coerth. Carrot

Pixie Plum",,"AlaM Mustard

Coerth. Carrot","AlaM Mustard

Coerth. Carrot","AlaM Mustard

Coerth. Carrot","AlaM Mustard

Coerth. Carrot","AlaM Mustard

Coerth. Carrot",,"Azeyma Rose

Mid. Cabbage","Azeyma Rose

Mid. Cabbage","Azeyma Rose

Mid. Cabbage","Azeyma Rose

Mid. Cabbage","Azeyma Rose

Mid. Cabbage",,"Popoto

Gysahl Greens","Popoto

Gysahl Greens","Popoto

Gysahl Greens","Popoto

Gysahl Greens","Popoto

Gysahl Greens",,Coerth. Carrot,Coerth. Carrot,Coerth. Carrot,Coerth. Carrot,Coerth. Carrot,Coerth. Carrot,,"Almond

Wiz. Eggplant","Almond

Wiz. Eggplant","Almond

Wiz. Eggplant","Almond

Wiz. Eggplant","Almond

Wiz. Eggplant","Almond

Wiz. Eggplant",,"Coerth. Carrot

Gysahl Greens","Coerth. Carrot

Gysahl Greens","Coerth. Carrot

Gysahl Greens","Coerth. Carrot

Gysahl Greens","Coerth. Carrot

Gysahl Greens","Coerth. Carrot

Gysahl Greens","Coerth. Carrot

Gysahl Greens","Coerth. Carrot

Gysahl Greens","Coerth. Carrot

Gysahl Greens","Coerth. Carrot

Gysahl Greens",,Wiz. Eggplant,"Linseed

Paprika",LaNo Leek,Popoto,Mid. Basil,"Mandrake

Popoto",Dz. Tomato,Wiz. Eggplant,"Apricot

Mid. Cabbage",Wiz. Eggplant,"Honey Lemon

Wiz. Eggplant","Mirror Apple

Popoto",Mid. Cabbage,
Paprika,"Paprika

Pearl Ginger","Paprika

Pearl Ginger",,X,"Garlic Jester

Wiz. Eggplant?",,X,LaNo Leek,,"Blood Currant

Paprika",X,,X,,,"Paprika

Sun Lemon","Paprika

Sun Lemon",,"Apricot

Mid. Cabbage","Apricot

Mid. Cabbage","Apricot

Mid. Cabbage",,Paprika,Paprika,Paprika,Paprika,,"Almond

Wiz. Eggplant","Almond

Wiz. Eggplant","Almond

Wiz. Eggplant","Almond

Wiz. Eggplant",,Dz. Tomato,Dz. Tomato,Dz. Tomato,Dz. Tomato,,"Coerth. Carrot

Pixie Plum","Coerth. Carrot

Pixie Plum","Coerth. Carrot

Pixie Plum","Coerth. Carrot

Pixie Plum",,"AlaM Mustard

Coerth. Carrot","AlaM Mustard

Coerth. Carrot","AlaM Mustard

Coerth. Carrot","AlaM Mustard

Coerth. Carrot","AlaM Mustard

Coerth. Carrot",,"Azeyma Rose

Mid. Cabbage","Azeyma Rose

Mid. Cabbage","Azeyma Rose

Mid. Cabbage","Azeyma Rose

Mid. Cabbage","Azeyma Rose

Mid. Cabbage",,"Popoto

Gysahl Greens","Popoto

Gysahl Greens","Popoto

Gysahl Greens","Popoto

Gysahl Greens","Popoto

Gysahl Greens",,Coerth. Carrot,Coerth. Carrot,Coerth. Carrot,Coerth. Carrot,Coerth. Carrot,Coerth. Carrot,,"Almond

Wiz. Eggplant","Almond

Wiz. Eggplant","Almond

Wiz. Eggplant","Almond

Wiz. Eggplant","Almond

Wiz. Eggplant","Almond

Wiz. Eggplant",,"Coerth. Carrot

Gysahl Greens","Coerth. Carrot

Gysahl Greens","Coerth. Carrot

Gysahl Greens","Coerth. Carrot

Gysahl Greens","Coerth. Carrot

Gysahl Greens","Coerth. Carrot

Gysahl Greens","Coerth. Carrot

Gysahl Greens","Coerth. Carrot

Gysahl Greens","Coerth. Carrot

Gysahl Greens","Coerth. Carrot

Gysahl Greens",,Wiz. Eggplant,"Linseed

Paprika",LaNo Leek,Popoto,Mid. Basil,"Mandrake

Popoto",Dz. Tomato,Wiz. Eggplant,"Apricot

Mid. Cabbage",Wiz. Eggplant,"Honey Lemon

Wiz. Eggplant","Mirror Apple

Popoto",Mid. Cabbage,
,,,,,,,,,,,,,,,,,,,,,,,,,,,,,,,,,,,,,,,,,,,,,,,,,,,,,,,,,,,,,,,,,,,,,,,,,,,,,,,,,,,,,,,,,,,,,,,,,,,
Pixie Plum,"Pearl Ginger

Sun Lemon",Sun Lemon,,X,X,,X,"LaNo Leek

Rolanberry",,Mirror Apple,X,,X,X,,,Blood Currant,,Apricot,Apricot,Apricot,,"Coerth. Carrot

Pixie Plum","Coerth. Carrot

Pixie Plum","Coerth. Carrot

Pixie Plum","Coerth. Carrot

Pixie Plum",,"Almond

Mirror Apple","Almond

Mirror Apple","Almond

Mirror Apple","Almond

Mirror Apple",,"Dz. Tomato

Mirror Apple","Dz. Tomato

Mirror Apple","Dz. Tomato

Mirror Apple","Dz. Tomato

Mirror Apple",,Sun Lemon,Sun Lemon,Sun Lemon,Sun Lemon,,"AlaM. Mustard

Pixie Plum","AlaM. Mustard

Pixie Plum","AlaM. Mustard

Pixie Plum","AlaM. Mustard

Pixie Plum","AlaM. Mustard

Pixie Plum",,"Azeyma Rose

Rolanberry","Azeyma Rose

Rolanberry","Azeyma Rose

Rolanberry","Azeyma Rose

Rolanberry","Azeyma Rose

Rolanberry",,"Blood Currant

Gysahl Greens","Blood Currant

Gysahl Greens","Blood Currant

Gysahl Greens","Blood Currant

Gysahl Greens","Blood Currant

Gysahl Greens",,Pixie Plum,Pixie Plum,Pixie Plum,Pixie Plum,Pixie Plum,Pixie Plum,,"Almond

Rolanberry","Almond

Rolanberry","Almond

Rolanberry","Almond

Rolanberry","Almond

Rolanberry","Almond

Rolanberry",,"Gysahl Greens

Pixie Plum","Gysahl Greens

Pixie Plum","Gysahl Greens

Pixie Plum","Gysahl Greens

Pixie Plum","Gysahl Greens

Pixie Plum","Gysahl Greens

Pixie Plum","Gysahl Greens

Pixie Plum","Gysahl Greens

Pixie Plum","Gysahl Greens

Pixie Plum","Gysahl Greens

Pixie Plum",,P. Pineapple,"Linseed

Sun Lemon","Dz. Tomato

Rolanberry",Honey Lemon,"Blood Currant

Mid. Basil","Blood Currant

Mandrake","Mid. Cabbage

Mirror Apple","Blood Currant

Wiz. Eggplant",Royal Kukuru,Sun Lemon,Honey Lemon,Rolanberry,"Blood Currant

Wiz. Eggplant",
Sun Lemon,"Pearl Ginger

Sun Lemon","Pearl Ginger

Sun Lemon",,X,X,,X,LaNo Leek,,"Mirror Apple

Sun Lemon",Mirror Apple,,X,X,,Blood Currant,,,Apricot,Apricot,Apricot,,"Coerth. Carrot

Pixie Plum","Coerth. Carrot

Pixie Plum","Coerth. Carrot

Pixie Plum","Coerth. Carrot

Pixie Plum",,"Almond

Mirror Apple","Almond

Mirror Apple","Almond

Mirror Apple","Almond

Mirror Apple",,"Dz. Tomato

Mirror Apple","Dz. Tomato

Mirror Apple","Dz. Tomato

Mirror Apple","Dz. Tomato

Mirror Apple",,Sun Lemon,Sun Lemon,Sun Lemon,Sun Lemon,,"AlaM. Mustard

Pixie Plum","AlaM. Mustard

Pixie Plum","AlaM. Mustard

Pixie Plum","AlaM. Mustard

Pixie Plum","AlaM. Mustard

Pixie Plum",,"Azeyma Rose

Rolanberry","Azeyma Rose

Rolanberry","Azeyma Rose

Rolanberry","Azeyma Rose

Rolanberry","Azeyma Rose

Rolanberry",,"Blood Currant

Gysahl Greens","Blood Currant

Gysahl Greens","Blood Currant

Gysahl Greens","Blood Currant

Gysahl Greens","Blood Currant

Gysahl Greens",,Pixie Plum,Pixie Plum,Pixie Plum,Pixie Plum,Pixie Plum,Pixie Plum,,"Almond

Rolanberry","Almond

Rolanberry","Almond

Rolanberry","Almond

Rolanberry","Almond

Rolanberry","Almond

Rolanberry",,"Gysahl Greens

Pixie Plum","Gysahl Greens

Pixie Plum","Gysahl Greens

Pixie Plum","Gysahl Greens

Pixie Plum","Gysahl Greens

Pixie Plum","Gysahl Greens

Pixie Plum","Gysahl Greens

Pixie Plum","Gysahl Greens

Pixie Plum","Gysahl Greens

Pixie Plum","Gysahl Greens

Pixie Plum",,P. Pineapple,"Linseed

Sun Lemon","Dz. Tomato

Rolanberry",Honey Lemon,"Blood Currant

Mid. Basil","Blood Currant

Mandrake","Mid. Cabbage

Mirror Apple","Blood Currant

Wiz. Eggplant",Royal Kukuru,Sun Lemon,Honey Lemon,Rolanberry,"Blood Currant

Wiz. Eggplant",
,,,,,,,,,,,,,,,,,,,,,,,,,,,,,,,,,,,,,,,,,,,,,,,,,,,,,,,,,,,,,,,,,,,,,,,,,,,,,,,,,,,,,,,,,,,,,,,,,,,
Glazenut,"Apricot

Onion Prince","Apricot

Onion Prince",,"Az. Rose

Royal Kukuru","Az. Rose

Royal Kukuru",,"Dal. Popoto

Royal Kukuru","Dal. Popoto

Royal Kukuru",,Royal Kukuru,Royal Kukuru,,"Apricot

Mid. Cabbage",X,,Apricot,Apricot,,,"February
2019","February
2019",,"P. Pineapple

Wiz. Eggplant","P. Pineapple

Wiz. Eggplant","P. Pineapple

Wiz. Eggplant","P. Pineapple

Wiz. Eggplant",,"Royal Kukuru

Shroud Tea","Royal Kukuru

Shroud Tea","Royal Kukuru

Shroud Tea","Royal Kukuru

Shroud Tea",,Blood Pepper,"LaNo Leek

Royal Kukuru","LaNo Leek

Royal Kukuru","LaNo Leek

Royal Kukuru",,Apricot,Apricot,Apricot,Apricot,,"Mid. Basil

P. Pineapple","Mid. Basil

P. Pineapple","Mid. Basil

P. Pineapple","Mid. Basil

P. Pineapple","Mid. Basil

P. Pineapple",,"Nymeia Lily

Royal Kukuru","Nymeia Lily

Royal Kukuru","Nymeia Lily

Royal Kukuru","Nymeia Lily

Royal Kukuru","Nymeia Lily

Royal Kukuru",,"Apricot

Thav. Onion","Apricot

Thav. Onion","Apricot

Thav. Onion","Apricot

Thav. Onion","Apricot

Thav. Onion",,P. Pineapple,P. Pineapple,P. Pineapple,P. Pineapple,P. Pineapple,P. Pineapple,,"Royal Kukuru

Star Anise","Royal Kukuru

Star Anise","Royal Kukuru

Star Anise","Royal Kukuru

Star Anise","Royal Kukuru

Star Anise","Royal Kukuru

Star Anise",,P. Pineapple,P. Pineapple,P. Pineapple,P. Pineapple,P. Pineapple,P. Pineapple,P. Pineapple,P. Pineapple,P. Pineapple,P. Pineapple,,Glazenut,"Apricot

Mandrake","Dal. Popoto

Royal Kukuru",Royal Kukuru,"Apricot

Eggplant Knight","Apricot

Tomato King","LaNo Leek

Royal Kukuru","Apricot

LaNo Leek","October
2018","Apricot

Mid. Cabbage",Umbrella Fig,Royal Kukuru,"Apricot

Dz. Tomato",
Royal Kukuru,X,Onion Prince,,X,"Az. Rose

Royal Kukuru",,X,"Dal. Popoto

Royal Kukuru",,Royal Kukuru,X,,X,X,,X,X,,X,,X,,"P. Pineapple

Wiz. Eggplant","P. Pineapple

Wiz. Eggplant","P. Pineapple

Wiz. Eggplant","P. Pineapple

Wiz. Eggplant",,"Royal Kukuru

Shroud Tea","Royal Kukuru

Shroud Tea","Royal Kukuru

Shroud Tea","Royal Kukuru

Shroud Tea",,"LaNo Leek

Royal Kukuru","LaNo Leek

Royal Kukuru","LaNo Leek

Royal Kukuru","LaNo Leek

Royal Kukuru",,Apricot,Apricot,Apricot,Apricot,,"Mid. Basil

P. Pineapple","Mid. Basil

P. Pineapple","Mid. Basil

P. Pineapple","Mid. Basil

P. Pineapple","Mid. Basil

P. Pineapple",,"Nymeia Lily

Royal Kukuru","Nymeia Lily

Royal Kukuru","Nymeia Lily

Royal Kukuru","Nymeia Lily

Royal Kukuru","Nymeia Lily

Royal Kukuru",,"Apricot

Thav. Onion","Apricot

Thav. Onion","Apricot

Thav. Onion","Apricot

Thav. Onion","Apricot

Thav. Onion",,P. Pineapple,P. Pineapple,P. Pineapple,P. Pineapple,P. Pineapple,P. Pineapple,,"Royal Kukuru

Star Anise","Royal Kukuru

Star Anise","Royal Kukuru

Star Anise","Royal Kukuru

Star Anise","Royal Kukuru

Star Anise","Royal Kukuru

Star Anise",,P. Pineapple,P. Pineapple,P. Pineapple,P. Pineapple,P. Pineapple,P. Pineapple,P. Pineapple,P. Pineapple,P. Pineapple,P. Pineapple,,Glazenut,"Apricot

Mandrake","Dal. Popoto

Royal Kukuru",Royal Kukuru,"Apricot

Eggplant Knight","Apricot

Tomato King","LaNo Leek

Royal Kukuru","Apricot

LaNo Leek","December
2018","Apricot

Mid. Cabbage",Umbrella Fig,Royal Kukuru,"Apricot

Dz. Tomato",
Umbrella Fig,X,X,,"Az. Rose

Royal Kukuru",X,,Dal. Popoto,"Dal. Popoto

Royal Kukuru",,Royal Kukuru,Royal Kukuru,,X,X,,X,X,,X,Royal Kukuru,,,"P. Pineapple

Wiz. Eggplant","P. Pineapple

Wiz. Eggplant","P. Pineapple

Wiz. Eggplant","P. Pineapple

Wiz. Eggplant",,"Royal Kukuru

Shroud Tea","Royal Kukuru

Shroud Tea","Royal Kukuru

Shroud Tea","Royal Kukuru

Shroud Tea",,"LaNo Leek

Royal Kukuru","LaNo Leek

Royal Kukuru","LaNo Leek

Royal Kukuru","LaNo Leek

Royal Kukuru",,Apricot,Apricot,Apricot,Apricot,,"Mid. Basil

P. Pineapple","Mid. Basil

P. Pineapple","Mid. Basil

P. Pineapple","Mid. Basil

P. Pineapple","Mid. Basil

P. Pineapple",,"Nymeia Lily

Royal Kukuru","Nymeia Lily

Royal Kukuru","Nymeia Lily

Royal Kukuru","Nymeia Lily

Royal Kukuru","Nymeia Lily

Royal Kukuru",,"Apricot

Thav. Onion","Apricot

Thav. Onion","Apricot

Thav. Onion","Apricot

Thav. Onion","Apricot

Thav. Onion",,P. Pineapple,P. Pineapple,P. Pineapple,P. Pineapple,P. Pineapple,P. Pineapple,,"Royal Kukuru

Star Anise","Royal Kukuru

Star Anise","Royal Kukuru

Star Anise","Royal Kukuru

Star Anise","Royal Kukuru

Star Anise","Royal Kukuru

Star Anise",,P. Pineapple,P. Pineapple,P. Pineapple,P. Pineapple,P. Pineapple,P. Pineapple,P. Pineapple,P. Pineapple,P. Pineapple,P. Pineapple,,Glazenut,"Apricot

Mandrake","Dal. Popoto

Royal Kukuru",Royal Kukuru,"Apricot

Eggplant Knight","Apricot

Tomato King","LaNo Leek

Royal Kukuru","Apricot

LaNo Leek","December
2018","Apricot

Mid. Cabbage",Umbrella Fig,Royal Kukuru,"Apricot

Dz. Tomato",
,,,,,,,,,,,,,,,,,,,,,,,,,,,,,,,,,,,,,,,,,,,,,,,,,,,,,,,,,,,,,,,,,,,,,,,,,,,,,,,,,,,,,,,,,,,,,,,,,,,
La Noscean Lettuce,"AlaM Mustard

Coerth. Carrot",X,,X,X,,X,LaNo Leek,,"Coerth. Carrot

Sun Lemon","Coerth. Carrot

Sun Lemon",,LaNo Lettuce,X,,X,X,,"P. Pineapple

Wiz. Eggplant","P. Pineapple

Wiz. Eggplant","P. Pineapple

Wiz. Eggplant",,,Coerth. Carrot,Coerth. Carrot,Coerth. Carrot,,"Mandrake

Popoto","Mandrake

Popoto","Mandrake

Popoto","Mandrake

Popoto",,Dz. Tomato,Dz. Tomato,Dz. Tomato,Dz. Tomato,,X,"September
2018",X,"May
2018",,X,X,X,X,X,,"Tomato King

Wiz. Eggplant","Tomato King

Wiz. Eggplant","Tomato King

Wiz. Eggplant","Tomato King

Wiz. Eggplant","Tomato King

Wiz. Eggplant",,Paprika,Paprika,Paprika,Paprika,Paprika,,X,X,"March
2019",X,X,X,,"Eggplant Knight

Wiz. Eggplant","Eggplant Knight

Wiz. Eggplant","Eggplant Knight

Wiz. Eggplant","Eggplant Knight

Wiz. Eggplant","Eggplant Knight

Wiz. Eggplant","Eggplant Knight

Wiz. Eggplant",,X,X,"October
2018",X,X,X,X,X,X,X,,"Honey Lemon

Popoto","Coerth. Carrot

Pearl Ginger",Dz. Tomato,"Mirror Apple

Paprika","Linseed

Paprika","Mid. Basil

Paprika",Mid. Cabbage,Wiz. Eggplant,"Apricot

Wiz. Eggplant",Popoto,"Popoto

Rolanberry","Blood Currant

Paprika",Wiz. Eggplant,
Olive,"AlaM Mustard

Coer. Carrot",X,,X,X,,LaNo Leek,LaNo Leek,,"Coerth. Carrot

Sun Lemon",X,,X,X,,X,X,,"P. Pineapple

Wiz. Eggplant",X,"P. Pineapple

Wiz. Eggplant",,X,,Coerth. Carrot,Coerth. Carrot,,"Mandrake

Popoto","Mandrake

Popoto","Mandrake

Popoto","Mandrake

Popoto",,Dz. Tomato,Dz. Tomato,Dz. Tomato,Dz. Tomato,,X,X,X,X,,"August 
2018",X,"August 
2018",X,X,,"Tomato King

Wiz. Eggplant","Tomato King

Wiz. Eggplant","Tomato King

Wiz. Eggplant","Tomato King

Wiz. Eggplant","Tomato King

Wiz. Eggplant",,Paprika,Paprika,Paprika,Paprika,Paprika,,X,X,X,X,X,X,,"Eggplant Knight

Wiz. Eggplant","Eggplant Knight

Wiz. Eggplant","Eggplant Knight

Wiz. Eggplant","Eggplant Knight

Wiz. Eggplant","Eggplant Knight

Wiz. Eggplant","Eggplant Knight

Wiz. Eggplant",,X,X,X,X,"September
2018",X,X,X,X,X,,"Honey Lemon

Popoto","Coerth. Carrot

Pearl Ginger",Dz. Tomato,"Mirror Apple

Paprika","Linseed

Paprika","Mid. Basil

Paprika",Mid. Cabbage,Wiz. Eggplant,"Apricot

Wiz. Eggplant",Popoto,"Popoto

Rolanberry","Blood Currant

Paprika",Wiz. Eggplant,
Wild Onion Set,TESTING,"AlaM Mustard

Coerth. Carrot",,TESTING,"Onion Prince

Popoto",,X,LaNo Leek,,"Coerth. Carrot

Sun Lemon",X,,X,X,,X,X,,"P. Pineapple

Wiz. Eggplant",X,"P. Pineapple

Wiz. Eggplant",,X,Coerth. Carrot,,Coerth. Carrot,,"Mandrake

Popoto","Mandrake

Popoto","Mandrake

Popoto","Mandrake

Popoto",,Dz. Tomato,Dz. Tomato,Dz. Tomato,Dz. Tomato,,X,X,X,X,,X,"January
2019",X,"August 
2018",X,,"Tomato King

Wiz. Eggplant","Tomato King

Wiz. Eggplant","Tomato King

Wiz. Eggplant","Tomato King

Wiz. Eggplant","Tomato King

Wiz. Eggplant",,Paprika,Paprika,Paprika,Paprika,Paprika,,"March
2019","March
2019","March
2019","March
2019","March
2019","September
2018",,"Eggplant Knight

Wiz. Eggplant","Eggplant Knight

Wiz. Eggplant","Eggplant Knight

Wiz. Eggplant","Eggplant Knight

Wiz. Eggplant","Eggplant Knight

Wiz. Eggplant","Eggplant Knight

Wiz. Eggplant",,"February
2019","February
2019",X,X,X,X,"February
2019",X,"February
2019",X,,"Honey Lemon

Popoto","Coerth. Carrot

Pearl Ginger",Dz. Tomato,"Mirror Apple

Paprika","Linseed

Paprika","Mid. Basil

Paprika",Mid. Cabbage,Wiz. Eggplant,"Apricot

Wiz. Eggplant",Popoto,"Popoto

Rolanberry","Blood Currant

Paprika",Wiz. Eggplant,
Allagan Melon,,,,,,,,,,,,,,,,,,,,,,,,,,,,"Mandrake

Popoto","Mandrake

Popoto","Mandrake

Popoto","Mandrake

Popoto",,Dz. Tomato,Dz. Tomato,Dz. Tomato,Dz. Tomato,,"Dead 

Round: 2","Dead 

Round: 1","Dead 

Round: 2","Dead 

Round: 1",,"Dead 

Round: 2","Dead 

Round: 1",X,"Dead 

Round: 1","Dead 

Round: 3",,"Tomato King

Wiz. Eggplant","Tomato King

Wiz. Eggplant","Tomato King

Wiz. Eggplant","Tomato King

Wiz. Eggplant","Tomato King

Wiz. Eggplant",,Paprika,Paprika,Paprika,Paprika,Paprika,,"Dead 

Round: 2","Dead 

Round: 2","Dead 

Round: 2","Dead 

Round: 2","Dead 

Round: 2","Dead 

Round: 2",,"Eggplant Knight

Wiz. Eggplant","Eggplant Knight

Wiz. Eggplant","Eggplant Knight

Wiz. Eggplant","Eggplant Knight

Wiz. Eggplant","Eggplant Knight

Wiz. Eggplant","Eggplant Knight

Wiz. Eggplant",,"Dead 

Round: 2","Dead 

Round: 2","Dead 

Round: 1","Dead 

Round: 2","Dead 

Round: 1","Dead 

Round: 2","Dead 

Round: 2","TESTING

Hanji K.","Dead 

Round: 2","Dead 

Round: 2",,"Honey Lemon

Popoto","Coerth. Carrot

Pearl Ginger",Dz. Tomato,"Mirror Apple

Paprika","Linseed

Paprika","Mid. Basil

Paprika",Mid. Cabbage,Wiz. Eggplant,"Apricot

Wiz. Eggplant",Popoto,"Popoto

Rolanberry","Blood Currant

Paprika",Wiz. Eggplant,
,,,,,,,,,,,,,,,,,,,,,,,,,,,,,,,,,,,,,,,,,,,,,,,,,,,,,,,,,,,,,,,,,,,,,,,,,,,,,,,,,,,,,,,,,,,,,,,,,,,
Almond,Almond,Almonds,,Ny Lily,Ny. Lily,,"Dal. Popoto

Shroud Tea","Dal. Popoto

Shroud Tea",,"Eggplant Knight

Rolanberry","Eggplant Knight

Rolanberry",,"Almond

Wiz. Eggplant","Almond

Wiz. Eggplant",,"Almond

Mirror Apple","Almond

Mirror Apple",,,,,,,,,,,,Pearl Roselle,Pearl Rose,Pearl Rose,,"Az Rose

LaNo Leek","Az Rose

LaNo Leek","Az Rose

LaNo Leek","Az Rose

LaNo Leek",,"Blood Currant

Mandrake","Blood Currant

Mandrake","Blood Currant

Mandrake","Blood Currant

Mandrake",,Almond,Almond,Almond,Almond,Almond,,Broombush,Broombush,Broombush,Broombush,Broombush,,Tomato King,Tomato King,Tomato King,Tomato King,Tomato King,,Garlic Jester,Garlic Jester,Garlic Jester,Garlic Jester,Garlic Jester,Garlic Jester,,Jute,Jute,Jute,Jute,Jute,Jute,,"Mandrake

Sylkis Bud","Mandrake

Sylkis Bud","Mandrake

Sylkis Bud","Mandrake

Sylkis Bud","Mandrake

Sylkis Bud","Mandrake

Sylkis Bud","Mandrake

Sylkis Bud","Mandrake

Sylkis Bud","Mandrake

Sylkis Bud","Mandrake

Sylkis Bud",,"Apricot

Az Rose",Az Rose,"LaNo Leek

Shroud Tea","Apricot

Tomato King",Shroud Tea,Star Anise,"Az. Rose

Dz. Tomato","Almond

Mid. Cabbagege","Royal Kukuru

Star Anise","Eggplant Knight

Mid. Cabbage","Az. Rose

P. Pineapple","Almond

Honey lemon","LaNo Leek

Tomato King",
Cloudsbreath,Almond,Almond,,Ny. Lily,Ny. Lily,,"Dal. Popoto

Shroud Tea","Dal. Popoto

Shroud Tea",,"Eggplant Knight

Rolanberry","Eggplant Knight

Rolenberry",,"Almond

Wiz. Eggplant","Almond

Wiz. Eggplant",,"Almond

Mirror Apple","Almond

Mirror Apple",,,,,,,,,,,Pearl Roselle,,Pearl Roselle,Pearl Roselle,,"Az Rose

LaNo Leek","Az Rose

LaNo Leek","Az Rose

LaNo Leek","Az Rose

LaNo Leek",,"Blood Currant

Mandrake","Blood Currant

Mandrake","Blood Currant

Mandrake","Blood Currant

Mandrake",,Almond,Almond,Almond,Almond,Almond,,Broombush,Broombush,Broombush,Broombush,Broombush,,Tomato King,Tomato King,Tomato King,Tomato King,Tomato King,,Garlic Jester,Garlic Jester,Garlic Jester,Garlic Jester,Garlic Jester,Garlic Jester,,Jute,Jute,Jute,Jute,Jute,Jute,,"Mandrake

Sylkis Bud","Mandrake

Sylkis Bud","Mandrake

Sylkis Bud","Mandrake

Sylkis Bud","Mandrake

Sylkis Bud","Mandrake

Sylkis Bud","Mandrake

Sylkis Bud","Mandrake

Sylkis Bud","Mandrake

Sylkis Bud","Mandrake

Sylkis Bud",,"Apricot

Az. Rose",Az. Rose,"LaNo Leek

Shroud Tea","Apricot

Tomato King",Shroud Tea,Star Anise,"Az. Rose

Dz. Tomato","Almond

Mid. Cabbagege","Royal Kukuru

Star Anise","Eggplant Knight

Mid. Cabbage","Az. Rose

P. Pineapple","Almond

Honey lemon","LaNo Leek

Tomato King",
Coerthan Tea,Almond,Almond,,Ny Lily,Ny. Lily,,"Dal. Popoto

Shroud Tea","Dal. Popoto

Shroud Tea",,"Eggplant Knight

Rolanberry","Eggplant Knight

Rolanberry",,Wiz. Eggplant,"Almond

Wiz. Eggplant",,"Almond

Mirror Apple",X,,,,,,,,,,,Pearl Rose,Pearl Roselle,,Pearl Rose,,"Az Rose

LaNo Leek",Cloudsbreath,"Az Rose

LaNo Leek","Az Rose

LaNo Leek",,"Blood Currant

Mandrake","Blood Currant

Mandrake","Blood Currant

Mandrake","Blood Currant

Mandrake",,Almond,Almond,Almond,Almond,Almond,,Broombush,Broombush,Broombush,Broombush,Broombush,,Tomato King,Tomato King,Tomato King,Tomato King,Tomato King,,Garlic Jester,Garlic Jester,Garlic Jester,Garlic Jester,Garlic Jester,Garlic Jester,,Jute,Jute,Jute,Jute,Jute,Jute,,"Mandrake

Sylkis Bud","Mandrake

Sylkis Bud","Mandrake

Sylkis Bud","Mandrake

Sylkis Bud","Mandrake

Sylkis Bud","Mandrake

Sylkis Bud","Mandrake

Sylkis Bud","Mandrake

Sylkis Bud","Mandrake

Sylkis Bud","Mandrake

Sylkis Bud",,"Apricot

Az. Rose",Az. Rose,"LaNo Leek

Shroud Tea","Apricot

Tomato King",Shroud Tea,Star Anise,"Az. Rose

Dz. Tomato","Almond

Mid. Cabbagege","Royal Kukuru

Star Anise","Eggplant Knight

Mid. Cabbage","Az. Rose

P. Pineapple","Almond

Honey lemon","LaNo Leek

Tomato King",
Shroud Tea,X,X,,X,X,,"Dal. Popoto

Shroud Tea","Dal. Popoto

Shroud Tea",,Eggplant Knight,X,,X,X,,X,X,,,,,,,,,,,Pearl Rose,Pearl Rose,Pearl Rose,,,"Az Rose

LaNo Leek","Az Rose

LaNo Leek","Az Rose

LaNo Leek","Az Rose

LaNo Leek",,"Blood Currant

Mandrake","Blood Currant

Mandrake","Blood Currant

Mandrake","Blood Currant

Mandrake",,Almond,Almond,Almond,Almond,Almond,,Broombush,Broombush,Broombush,Broombush,Broombush,,Tomato King,Tomato King,Tomato King,Tomato King,Tomato King,,Garlic Jester,Garlic Jester,Garlic Jester,Garlic Jester,Garlic Jester,Garlic Jester,,Jute,Jute,Jute,Jute,Jute,Jute,,"Mandrake

Sylkis Bud","Mandrake

Sylkis Bud","Mandrake

Sylkis Bud","Mandrake

Sylkis Bud","Mandrake

Sylkis Bud","Mandrake

Sylkis Bud","Mandrake

Sylkis Bud","Mandrake

Sylkis Bud","Mandrake

Sylkis Bud","Mandrake

Sylkis Bud",,"Apricot

Az. Rose",Az. Rose,"LaNo Leek

Shroud Tea","Apricot

Tomato King",Shroud Tea,Star Anise,"Az. Rose

Dz. Tomato","Almond

Mid. Cabbagege","Royal Kukuru

Star Anise","Eggplant Knight

Mid. Cabbage","Az. Rose

P. Pineapple.","Almond

Honey lemon","LaNo Leek

Tomato King",
,,,,,,,,,,,,,,,,,,,,,,,,,,,,,,,,,,,,,,,,,,,,,,,,,,,,,,,,,,,,,,,,,,,,,,,,,,,,,,,,,,,,,,,,,,,,,,,,,,,
Chive,"Mid. Basil

Dz. Tomato",X,,"LaNo Leek

Tomato King",LaNo Leek,,"December
2018","December
2018",,"LaNo Leek

Rolanberry",X,,X,Dz. Tomato,,X,X,,,,,,,,,,,"Az Rose

LaNo Leek","Az. Rose

LaNo Leek","Az. Rose

LaNo Leek",LaNo Leek,,,"November
2018",X,"December
2015",,"Blood Currant

Mid. Cabbage","Blood Currant

Mid. Cabbage","Blood Currant

Mid. Cabbage","Blood Currant

Mid. Cabbage",,"Linseed

Mid. Cabbage","Linseed

Mid. Cabbage","Linseed

Mid. Cabbage","Linseed

Mid. Cabbage","Linseed

Mid. Cabbage",,"LaNo Leek

Star Anise","LaNo Leek

Srar Anise","LaNo Leek

Star Anise","LaNo Leek

Star Anise","LaNo Leek

Star Anise",,Dz. Tomato,Dz. Tomato,Dz. Tomato,Dz. Tomato,Dz. Tomato,,Mid. Cabbage,Mid. Cabbage,Mid. Cabbage,Mid. Cabbage,Mid. Cabbage,Mid. Cabbage,,"LaNo Leek

Shroud Tea","LaNo Leek

Shroud Tea","LaNo Leek

Shroud Tea","LaNo Leek

Shroud Tea","LaNo Leek

Shroud Tea","LaNo Leek

Shroud Tea",,"Mid. Cabbage

Sylkis Bud","Mid. Cabbage

Sylkis Bud","Mid. Cabbage

Sylkis Bud","Mid. Cabbage

Sylkis Bud","Mid. Cabbage

Sylkis Bud","Mid. Cabbage

Sylkis Bud","Mid. Cabbage

Sylkis Bud","Mid. Cabbage

Sylkis Bud","Mid. Cabbage

Sylkis Bud","Mid. Cabbage

Sylkis Bud",,"Apricot

LaNo Leek","LaNo Leek

Onion Prince",Chive,"Apricot

Dz. Tomato","Dz. Tomato

Mandrake","Dz. Tomato

Eggplant Knight",Dal. Popoto,LaNo Leek,"Dal. Popoto

Royal Kukuru",LaNo Leek,"LaNo Leek

P. Pineapple","Dz. Tomato

Honey Lemon",Dal. Popoto,
Dzemael Tomato,"Mid. Basil

Dz. Tomato","Mid. Basil

Dz. Tomato",,"LaNo Leek

Tomato King","LaNo Leek

Tomato King",,"November
2018","September
2018",,"LaNo Leek

Rolanberry",LaNo Leek,,Dz. Tomato,X,,X,X,,,,,,,,,,,"Az. Rose

LaNo Leek","Az. Rose

LaNo Leek",Cloudsbreath,"Az. Rose

LaNo Leek",,"November
2018",,X,"December
2015",,"Blood Currant

Mid. Cabbage","Blood Currant

Mid. Cabbage","Blood Currant

Mid. Cabbage","Blood Currant

Mid. Cabbage",,"Linseed

Mid. Cabbage","Linseed

Mid. Cabbage","Linseed

Mid. Cabbage","Linseed

Mid. Cabbage","Linseed

Mid. Cabbage",,"LaNo Leek

Star Anise","LaNo Leek

Star Anise","LaNo Leek

Star Anise","LaNo Leek

Star Anise","LaNo Leek

Star Anise",,Dz. Tomato,Dz. Tomato,Dz. Tomato,Dz. Tomato,Dz. Tomato,,Mid. Cabbage,Mid. Cabbage,Mid. Cabbage,Mid. Cabbage,Mid. Cabbage,Mid. Cabbage,,"LaNo Leek

Shroud Tea","LaNo Leek

Shroud Tea","LaNo Leek

Shroud Tea","LaNo Leek

Shroud Tea","LaNo Leek

Shroud Tea","LaNo Leek

Shroud Tea",,"Mid. Cabbage

Sylkis Bud","Mid. Cabbage

Sylkis Bud","Mid. Cabbage

Sylkis Bud","Mid. Cabbage

Sylkis Bud","Mid. Cabbage

Sylkis Bud","Mid. Cabbage

Sylkis Bud","Mid. Cabbage

Sylkis Bud","Mid. Cabbage

Sylkis Bud","Mid. Cabbage

Sylkis Bud","Mid. Cabbage

Sylkis Bud",,"Apricot

LaNo Leek","LaNo Leek

Onion Prince",Chive,"Apricot

Dz. Tomato","Dz. Tomato

Mandrake","Dz. Tomato

Eggplant Knight",Dal. Popoto,LaNo Leek,"Dal. Popoto

Royal Kukuru",LaNo Leek,"LaNo Leek

P. Pineapple","Dz. Tomato

Honey Lemon",Dal. Popoto,
La Noscean Leek,X,X,,"LaNo Leek

Tomato King","LaNo Leek

Tomato King",,"December
2015","August 
2018",,"LaNo Leek

Rolanberry",X,,Dz. Tomato,X,,X,X,,,,,,,,,,,"Az. Rose

LaNo Leek","Az. Rose

LaNo Leek","Az. Rose

LaNo Leek","Az. Rose

LaNo Leek",,X,TESTING,,X,,"Blood Currant

Mid. Cabbage","Blood Currant

Mid. Cabbage","Blood Currant

Mid. Cabbage","Blood Currant

Mid. Cabbage",,"Linseed

Mid. Cabbage","Linseed

Mid. Cabbage","Linseed

Mid. Cabbage","Linseed

Mid. Cabbage","Linseed

Mid. Cabbage",,"LaNo Leek

Star Anise","LaNo Leek

Star Anise","LaNo Leek

Star Anise","LaNo Leek

Star Anise","LaNo Leek

Star Anise",,Dz. Tomato,Dz. Tomato,Dz. Tomato,Dz. Tomato,Dz. Tomato,,Mid. Cabbage,Mid. Cabbage,Mid. Cabbage,Mid. Cabbage,Mid. Cabbage,Mid. Cabbage,,"LaNo Leek

Shroud Tea","LaNo Leek

Shroud Tea","LaNo Leek

Shroud Tea","LaNo Leek

Shroud Tea","LaNo Leek

Shroud Tea","LaNo Leek

Shroud Tea",,"Mid. Cabbage

Sylkis Bud","Mid. Cabbage

Sylkis Bud","Mid. Cabbage

Sylkis Bud","Mid. Cabbage

Sylkis Bud","Mid. Cabbage

Sylkis Bud","Mid. Cabbage

Sylkis Bud","Mid. Cabbage

Sylkis Bud","Mid. Cabbage

Sylkis Bud","Mid. Cabbage

Sylkis Bud","Mid. Cabbage

Sylkis Bud",,"Apricot

LaNo Leek","LaNo Leek

Onion Prince",Chive,"Apricot

Dz. Tomato","Dz. Tomato

Mandrake","Dz. Tomato

Eggplant Knight",Dal. Popoto,LaNo Leek,"Dal. Popoto

Royal Kukuru",LaNo Leek,"LaNo Leek

P. Pineapple","Dz. Tomato

Honey Lemon",Dal. Popoto,
Pearl Sprout,"Dz. Tomato

Mid. Basil",X,,"LaNo Leek

Tomato King","LaNo Leek

Tomato King",,"December
2015","July 
2018",,"LaNo Leek

Rolanberry",X,,Dz. Tomato,Dz. Tomato,,X,X,,,,,,,,,,,"Az. Rose

LaNo Leek","Az. Rose

LaNo Leek","Az. Rose

LaNo Leek","October
2018",,"December
2015","December
2015",X,,,"Blood Currant

Mid. Cabbage","Blood Currant

Mid. Cabbage","Blood Currant

Mid. Cabbage","Blood Currant

Mid. Cabbage",,"Linseed

Mid. Cabbage","Linseed

Mid. Cabbagege","Linseed

Mid. Cabbage","Linseed

Mid. Cabbage","Linseed

Mid. Cabbage",,"LaNo Leek

Star Anise","LaNo Leek

Star Anise","LaNo Leek

Star Anise","LaNo Leek

Star Anise","LaNo Leek

Star Anise",,Dz. Tomato,Dz. Tomato,Dz. Tomato,Dz. Tomato,Dz. Tomato,,Mid. Cabbage,Mid. Cabbage,Mid. Cabbage,Mid. Cabbage,Mid. Cabbage,Mid. Cabbage,,"LaNo Leek

Shroud Tea","LaNo Leek

Shroud Tea","LaNo Leek

Shroud Tea","LaNo Leek

Shroud Tea","LaNo Leek

Shroud Tea","LaNo Leek

Shroud Tea",,"Mid. Cabbage

Sylkis Bud","Mid. Cabbage

Sylkis Bud","Mid. Cabbage

Sylkis Bud","Mid. Cabbage

Sylkis Bud","Mid. Cabbage

Sylkis Bud","Mid. Cabbage

Sylkis Bud","Mid. Cabbage

Sylkis Bud","Mid. Cabbage

Sylkis Bud","Mid. Cabbage

Sylkis Bud","Mid. Cabbage

Sylkis Bud",,"Apricot

LaNo Leek","LaNo Leek

Onion Prince",Chive,"Apricot

Dz. Tomato","Dz. Tomato

Mandrake","Dz. Tomato

Eggplant Knight",Dal. Popoto,LaNo Leek,"Dal. Popoto

Royal Kukuru",LaNo Leek,"LaNo Leek

P. Pineapple","Dz. Tomato

Honey Lemon",Dal. Popoto,
,,,,,,,,,,,,,,,,,,,,,,,,,,,,,,,,,,,,,,,,,,,,,,,,,,,,,,,,,,,,,,,,,,,,,,,,,,,,,,,,,,,,,,,,,,,,,,,,,,,
Cloud Acorn,"AlaM Mustard

Pixie Plum",AlaM Mustard,,"Blood Currant

Onion Prince","Blood Currant

Onion Prince",,"Dz. Tomato

Mirror Apple","Dz. Tomato

Mirror Apple",,Blood Currant,X,,"Coerth. Carrot

Pixie Plum",Coerth. Carrot,,Sun Lemon,Sun Lemon,,Apricot,Apricot,Apricot,,X,X,X,,,"Blood Currants

Mandrake","Blood Currants

Mandrake","Blood Currant

Mandrake","Blood Currant

Mandrake",,"Blood Currant

Mid. Cabbage","Blood Currant

Mid. Cabbage","Blood Currant

Mid. Cabbage",X,,,Pixie Plum,Pixie Plum,Pixie Plum,,"August
2018","July 
2018","July 
2018","August 
2018","November
2018",,"Mirror Apple

Tomato King","Mirror Apple

Tomato King","Mirror Apple

Tomato King","Mirror Apple

Tomato King","Mirror Apple

Tomato King",,Sun Lemon,Sun Lemon,Sun Lemon,Sun Lemon,Sun Lemon,,"December
2018","December
2018","December
2018","December
2018","December
2018","December
2018",,"Eggplant Knight

Mirror Apple","Eggplant Knight

Mirror Apple","Eggplant Knight

Mirror Apple","Eggplant Knight

Mirror Apple","Eggplant Knight

Mirror Apple","Eggplant Knight

Mirror Apple",,X,X,X,X,"June
2018",X,X,"July 
2018",X,X,,Honey Lemon,"Pearl Ginger

Pixie Plum","LaNo Leek

Mirror Apple",Rolanberry,"Linseed

Sun Lemon","Mid. Basil

Sun Lemon","Blood Currant

Mid. Cabbage","Popoto

Sun Lemon",Apricot,"Paprika

Pixie Plum",Honey Lemon,Mirror Apple,"Sun Lemon

Wiz. Eggplant",
Faerie Apple,"Pixie Plum

Ala M. Mustard",X,,X,Onion Prince,,"Dz. Tomato

Mirror Apple","Dz. Tomato

Mirror Apple",,Blood Currant,Sun Lemon,,"Coerth. Carrot

Pixie Plum",X,,X,X,,Apricot,Apricot,Apricot,,"September
2018",X,X,,,"Blood Currant

Mandrake","Blood Currant

Mandrake",TESTING,X,,X,Mid. Cabbage,X,X,,Pixie Plum,,Pixie Plum,Pixie Plum,,X,"July 
2018","September
2018",X,X,,"Mirror Apple

Tomato King","Mirror Apple

Tomato King","Mirror Apple

Tomato King","Mirror Apple

Tomato King","Mirror Apple

Tomato King",,Sun Lemon,Sun Lemon,Sun Lemon,Sun Lemon,Sun Lemon,,X,X,X,X,X,X,,"Eggplant Knight

Mirror Apple","Eggplant Knight

Mirror Apple","Eggplant Knight

Mirror Apple","Eggplant Knight

Mirror Apple","Eggplant Knight

Mirror Apple","Eggplant Knight

Mirror Apple",,X,X,"September
2018",X,X,X,X,X,X,X,,Honey Lemon,"Pearl Ginger

Pixie Plum","LaNo Leek

Mirror Apple",Rolanberry,"Linseed

Sun Lemon","Mid. Basil

Sun Lemon","Blood Currant

Mid. Cabbage","Popoto

Sun Lemon",Apricot,"Paprika

Pixie Plum",Honey Lemon,Mirror Apple,"Sun Lemon

Wiz. Eggplant",
La Noscean Orange,X,X,,X,X,,Dz. Tomato,"Dz. Tomato

Mirror Apple",,Blood Currant,X,,X,X,,X,X,,Apricot,Apricot,Apricot,,X,X,X,,,TESTING,"Blood Currant

Mandrake","Blood Currant

Mandrake",X,,X,X,X,Mid. Cabbage,,Pixie Plum,X,,Pixie Plum,,X,X,X,X,X,,"Mirror Apple

Tomato King","Mirror Apple

Tomato King","Mirror Apple

Tomato King","Mirror Apple

Tomato King","Mirror Apple

Tomato King",,Sun Lemon,Sun Lemon,Sun Lemon,Sun Lemon,Sun Lemon,,X,X,X,X,X,X,,"Eggplant Knight

Mirror Apple","Eggplant Knight

Mirror Apple","Eggplant Knight

Mirror Apple","Eggplant Knight

Mirror Apple","Eggplant Knight

Mirror Apple","Eggplant Knight

Mirror Apple",,X,X,X,X,X,X,X,X,X,X,,Honey Lemon,"Pearl Ginger

Pixie Plum","LaNo Leek

Mirror Apple",Rolanberry,"Linseed

Sun Lemon","Mid. Basil

Sun Lemon","Blood Currant

Mid. Cabbage","Popoto

Sun Lemon",Apricot,"Paprika

Pixie Plum",Honey Lemon,Mirror Apple,"Sun Lemon

Wiz. Eggplant",
Lowland Grape,X,"AlaM Mustard

Pixie Plum",,X,X,,Mirror Apple,"Dz. Tomato

Mirror Apple",,Blood Currant,X,,X,X,,X,X,,Apricot,Apricot,Apricot,,"May
2018",X,X,,,TESTING,"Blood Currant

Mandrakege",X,X,,X,"Blood Currant

Mid. Cabbage",X,"Blood Currant

Mid. Cabbage",,Pixie Plum,Pixie Plum,"Blood Currant

Pixie plum",,,X,X,X,X,"June
2018",,"Mirror Apple

Tomato King","Mirror Apple

Tomato King","Mirror Apple

Tomato King","Mirror Apple

Tomato King","Mirror Apple

Tomato King",,Sun Lemon,Sun Lemon,Sun Lemon,Sun Lemon,Sun Lemon,,X,X,X,X,X,X,,"Eggplant Knight

Mirror Apple","Eggplant Knight

Mirror Apple","Eggplant Knight

Mirror Apple","Eggplant Knight

Mirror Apple","Eggplant Knight

Mirror Apple","Eggplant Knight

Mirror Apple",,X,X,X,X,X,X,X,X,X,X,,Honey Lemon,"Pearl Ginger

Pixie Plum","LaNo Leek

Mirror Apple",Rolanberry,"Linseed

Sun Lemon","Mid. Basil

Sun Lemon","Blood Currant

Mid. Cabbage","Popoto

Sun Lemon",Apricot,"Paprika

Pixie Plum",Honey Lemon,Mirror Apple,"Sun Lemon

Wiz. Eggplant",
,,,,,,,,,,,,,,,,,,,,,,,,,,,,,,,,,,,,,,,,,,,,,,,,,,,,,,,,,,,,,,,,,,,,,,,,,,,,,,,,,,,,,,,,,,,,,,,,,,,
Althyk Lavender,Pearl Ginger,Pearl Ginger,,,,,,,,,,,,,,,,,,,,,X,"August 
2018",X,,,Almond,Almond,Almond,Almond,,"Linseed

Mid. Cabbage","Linseed

Mid. Cabbage","Linseed

Mid. Cabbage","Linseed

Mid. Cabbage",,"August
2018",X,X,X,,,AlaM Mustard,AlaM Mustard,AlaM Mustard,AlaM Mustard,,Azeyma Rose,Azeyma Rose,Azeyma Rose,Azeyma Rose,Azeyma Rose,,Pearl Ginger,Pearl Ginger,Pearl Ginger,Pearl Ginger,Pearl Ginger,,"October
2018","October
2018","October
2018","October
2018","October
2018","October
2018",,Almond,Almond,Almond,Almond,Almond,Almond,,"December
2018","December
2018","December
2018","December
2018","June
2018","December
2018","December
2018","July 
2018","December
2018","December
2018",,"Honey Lemon

Linseed",Linseed,"LaNo Leek

Mid. Basilil","Mirror Apple

Pearl Ginger",Mid. Basil,Mandrake,"Linseed

Mid. Cabbage","Pearl Ginger

Popoto","Apricot

Mandrake","AlaM Mustard

Paprika","Linseed

Rolanberry","Blood Currant

Pearl Ginger","Pearl Ginger

Wiz. Eggplant",
Black Pepper,Pearl Ginger,Pearl Ginger,,,FFXIV GARDENING COMMUNITY:,,,,,,,,,,,,,,,,,,X,X,TESTING,,,Almond,Almond,Almond,X,,"Linseed

Mid. Cabbage","Linseed

Mid. Cabbage","Linseed

Mid. Cabbage","Linseed

Mid. Cabbagege",,"July 
2018","July 
2018",X,X,,AlaM Mustard,,AlaM Mustard,AlaM Mustard,AlaM Mustard,,Azeyma Rose,Azeyma Rose,Azeyma Rose,Azeyma Rose,Azeyma Rose,,Pearl Ginger,Pearl Ginger,Pearl Ginger,Pearl Ginger,Pearl Ginger,,"November
2018",X,X,X,X,X,,Almond,Almond,Almond,Almond,Almond,Almond,,"July
2018",X,X,"July 
2018","June
2018",X,X,X,X,X,,"Honey Lemon

Linseed",Linseed,"LaNo Leek

Mid. Basil","Mirror Apple

Pearl Ginger",Mid. Basil,Mandrake,"Linseed

Mid. Cabbage","Pearl Ginger

Popoto","Apricot

Mandrakeke","AlaM Mustard

Paprika","Linseed

Rolanberry","Blood Currant

Pearl Ginger","Pearl Ginger

Wiz. Eggplantnt",
Garlic Cloves,Pearl Ginger,X,,,,FB Page: ,,,,facebook.com/ffxiv.gardening,,,,,,,,,,,,,X,"August 
2018",X,,,Almond,Almond,Almond,X,,X,"Linseed

Mid. Cabbage",X,"Linseed

Mid. Cabbage",,"July 
2018","September
2018",X,X,,AlaM Mustard,AlaM Mustard,,AlaM Mustard,AlaM Mustard,,Azeyma Rose,Azeyma Rose,Azeyma Rose,Azeyma Rose,Azeyma Rose,,Pearl Ginger,Pearl Ginger,Pearl Ginger,Pearl Ginger,Pearl Ginger,,X,X,X,X,X,X,,Almond,Almond,Almond,Almond,Almond,Almond,,"August 
2018","August 
2018",X,X,"July 
2018",X,"August 
2018",X,X,"August 
2018",,"Honey Lemon

Linseed",Linseed,"LaNo Leek

Mid. Basil","Mirror Apple

Pearl Ginger",Mid. Basil,Mandrake,"Linseed

Mid. Cabbage","Pearl Ginger

Popoto","Apricot

Mandrakeke","AlaM Mustard

Paprika","Linseed

Rolanberry","Blood Currant

Pearl Ginger","Pearl Ginger

Wiz. Eggplantnt",
Lavender,Pearl Ginger,X,,,,Reddit sub:,,,,http://www.reddit.com/r/ffxivgardening,,,,,,,,,,,,,X,X,"August 
2018",,,Almond,Almond,Almond,Almond,,X,X,X,X,,"August 
2018",X,X,X,,AlaM Mustard,AlaM Mustard,AlaM Mustard,,AlaM Mustard,,Azeyma Rose,Azeyma Rose,Azeyma Rose,Azeyma Rose,Azeyma Rose,,Pearl Ginger,Pearl Ginger,Pearl Ginger,Pearl Ginger,Pearl Ginger,,X,"August 
2018",X,X,X,X,,Almond,Almond,Almond,Almond,Almond,Almond,,"September
2018",X,X,X,"September
2018",X,X,X,X,X,,"Honey Lemon

Linseed",Linseed,"LaNo Leek

Mid. Basil","Mirror Apple

Pearl Ginger",Mid. Basil,Mandrake,"Linseed

Mid. Cabbage","Pearl Ginger

Popoto","Apricot

Mandrake","AlaM Mustard

Paprika","Linseed

Rolanberry","Blood Currant

Pearl Ginger","Pearl Ginger

Wiz. Eggplant",
Voidrake,Pearl Ginger,Pearl Ginger,,,,Discord: ,,,,https://discord.gg/gRP62SE,,,,,,,,,,,,,X,X,X,,,Almond,Almond,Almond,Almond,,"Linseed

Mid. Cabbage","Linseed

Mid. Cabbage",X,X,,"November
2018",X,X,"June
2018",,AlaM Mustard,AlaM Mustard,AlaM Mustard,AlaM Mustard,,,Azeyma Rose,Azeyma Rose,Azeyma Rose,Azeyma Rose,Azeyma Rose,,Pearl Ginger,Pearl Ginger,Pearl Ginger,Pearl Ginger,Pearl Ginger,,X,X,X,X,X,X,,Almond,Almond,Almond,Almond,Almond,Almond,,"January
2019","January
2019",X,X,X,X,X,X,X,X,,"Honey Lemon

Linseed",Linseed,"LaNo Leek

Mid. Basil","Mirror Apple

Pearl Ginger",Mid. Basil,Mandrake,"Linseed

Mid. Cabbage","Pearl Ginger

Popoto","Apricot

Mandrake","AlaM Mustard

Paprika","Linseed

Rolanberry","Blood Currant

Pearl Ginger","Pearl Ginger

Wiz. Eggplant",
,,,,,,,,,,,,,,,,,,,,,,,,,,,,,,,,,,,,,,,,,,,,,,,,,,,,,,,,,,,,,,,,,,,,,,,,,,,,,,,,,,,,,,,,,,,,,,,,,,,
Broombush,Shroud Tea,Shroud Tea,,,Big Triangle of Crossbreeding / Trends & Families creator: ,,,,,,,,,,,,,,,,,,X,X,X,,,Broombush,Broombush,Broombush,Broombush,,"LaNo Leek

Star Anise","LaNo Leek

Star Anise","LaNo Leek

Star Anise",X,,"Mirror Apple

Tomato King",X,X,X,,Azeyma Rose,Azeyma Rose,Az. Rose,Az. Rose,Az. Rose,,,"June
2018","August 
2018","March
2019","March
2019",,"Shroud Tea

Thav. Onion","Shroud Tea

Thav. Onion","Shroud Tea

Thav. Onion","Shroud Tea

Thav. Onion","Shroud Tea

Thav. Onion",,Almond,Almond,Almond,Almond,Almond,Almond,,"September
2018",X,"December
2015","December
2018","September
2018","January
2019",,Tomato King,Tomato King,Tomato King,Tomato King,Tomato King,Tomato King,Tomato King,Tomato King,Tomato King,Tomato King,,"Apricot

Star Anise",Star Anise,"Dal. Popoto

Nymeia Lily","Shroud Tea

P. Pineapple",Ny. Lilly,Pearl Roselle,"LaNo Leek

Star Anise","LaNo Leek

Shroud Tea","Pearl Roselle

Royal Kukuru","Az. Rose

Mid. Cabbage","Apricot

Star Anise","Apricot

Shroud Tea","Dz. Tomato

Shroud Tea",
Halone Gerbera,X,X,,,,,Ivory Spirit (Faerie): Ivory#4357 (Discord),,,,,,,,,,,,,,,,X,X,X,,,Broombush,Broombush,Broombush,X,,"LaNo Leek

Srar Anise",X,X,"LaNo Leek

Star Anise",,X,X,X,X,,Az. Rose,X,X,Az. Rose,Az. Rose,,"June
2018",,"March
2019","March
2019","March
2019",,"Shroud Tea

Thav. Onion","Shroud Tea

Thav. Onion","Shroud Tea

Thav. Onion","Shroud Tea

Thav. Onion","Shroud Tea

Thav. Onion",,Almond,Almond,Almond,Almond,Almond,Almond,,X,X,X,X,X,X,,Tomato King,Tomato King,Tomato King,Tomato King,Tomato King,Tomato King,Tomato King,Tomato King,Tomato King,Tomato King,,"Apricot

Star Anise",Star Anise,"Dal. Popoto

Nymeia Lily","Shroud Tea

P. Pineapple",Ny. Lilly,Pearl Roselle,"LaNo Leek

Star Anise","LaNo Leek

Shroud Tea","Pearl Roselle

Royal Kukuru","Az. Rose

Mid. Cabbage","Apricot

Star Anise","Apricot

Shroud Tea","Dz. Tomato

Shroud Tea",
Jute,X,X,,,,,,,,,,,,,,,,,,,,,X,X,X,,,Broombush,Broombush,Broombush,Broombush,,"LaNo Leek

Star Anise","LaNo Leek

Star Anise",X,"LaNo Leek

Star Anise",,"Mirror Apple

Tomato King",X,X,X,,Az. Rose,X,X,X,Az. Rose,,"August 
2018",X,,"March
2019","March
2019",,"Shroud Tea

Thav. Onion","Shroud Tea

Thav. Onion","Shroud Tea

Thav. Onion","Shroud Tea

Thav. Onion","Shroud Tea

Thav. Onion",,Almond,Almond,Almond,Almond,Almond,Almond,,"September
2018","August 
2018","December
2015","August 
2018",X,X,,Tomato King,Tomato King,Tomato King,Tomato King,Tomato King,Tomato King,Tomato King,Tomato King,Tomato King,Tomato King,,"Apricot

Star Anise",Star Anise,"Dal. Popoto

Nymeia Lily","Shroud Tea

P. Pineapple",Ny. Lilly,Pearl Roselle,"LaNo Leek

Star Anise","LaNo Leek

Shroud Tea","Pearl Roselle

Royal Kukuru","Az. Rose

Mid. Cabbage","Apricot

Star Anise","Apricot

Shroud Tea","Dz. Tomato

Shroud Tea",
Nymeia Lily,X,X,,,FFXIV GARDENING WEBSITE MASTER CONTACT INFO:,,,,,,,,,,,,,,,,,,X,X,"Tomato King

Wiz. Eggplant",,,Broombush,Broombush,Broombush,X,,X,X,X,X,,"Mirror Apple

Tomato King",X,X,X,,Az. Rose,X,X,X,Az. Rose,,X,X,X,,"March
2019",,"Shroud Tea

Thav. Onion","Shroud Tea

Thav. Onion","Shroud Tea

Thav. Onion","Shroud Tea

Thav. Onion","Shroud Tea

Thav. Onion",,Almond,Almond,Almond,Almond,Almond,Almond,,X,X,X,X,X,X,,Tomato King,Tomato King,Tomato King,Tomato King,Tomato King,Tomato King,Tomato King,Tomato King,Tomato King,Tomato King,,"Apricot

Star Anise",Star Anise,"Dal. Popoto

Nymeia Lily","Shroud Tea

P. Pineapple",Ny. Lilly,Pearl Roselle,"LaNo Leek

Star Anise","LaNo Leek

Shroud Tea","Pearl Roselle

Royal Kukuru","Az. Rose

Mid. Cabbage","Apricot

Star Anise","Apricot

Shroud Tea","Dz. Tomato

Shroud Tea",
Pearl Roselle,X,X,,,,Reddit ID: Alberto-Balsalm,,,,,,,,,,,,,,,,,X,X,X,,,Broombush,Broombush,Broombush,X,,"LaNo Leek

Star Anise",X,X,"LaNo Leek

Star Anise",,X,X,X,X,,Az. Rose,X,X,X,Az. Rose,,X,X,X,X,,,"Shroud Tea

Thav. Onion","Shroud Tea

Thav. Onion","Shroud Tea

Thav. Onion","Shroud Tea

Thav. Onion","Shroud Tea

Thav. Onion",,Almonds,Almonds,Almonds,Almonds,Almond,Almond,,"September
2018",X,"June
2018","November
2018","November
2018","November
2018",,Tomato King,Tomato King,Tomato King,Tomato King,Tomato King,Tomato King,Tomato King,Tomato King,Tomato King,Tomato King,,"Apricot

Star Anise",Star Anise,"Dal. Popoto

Nymeia Lily","Shroud Tea

P. Pineapple",Ny. Lilly,Pearl Roselle,"LaNo Leek

Star Anise","LaNo Leek

Shroud Tea","Pearl Roselle

Royal Kukuru","Az. Rose

Mid. Cabbage","Apricot

Star Anise","Apricot

Shroud Tea","Dz. Tomato

Shroud Tea",
,,,,,,,,,,,,,,,,,,,,,,,,,,,,,,,,,,,,,,,,,,,,,,,,,,,,,,,,,,,,,,,,,,,,,,,,,,,,,,,,,,,,,,,,,,,,,,,,,,,
Curiel Root,"Gysahl Greens

Linseed","Gysahl Greens

Linseed",,,,FFXIV IGN: Phlange Phace,,,,,,,,,,,,,,,,,Paprika,X,X,,,Tomato King,Tomato King,Tomato King,X,,X,X,X,Dz. Tomato,,"September
2018",X,X,X,,Pearl Ginger,Pearl Ginger,X,X,Pearl Ginger,,"Shroud Tea

Thav. Onion",X,"Shroud Tea

Thav. Onion","Shroud Tea

Thav. Onion",X,,,"March
2019","March
2019","March
2019","March
2019",,"May
2019","May
2019","May
2019","May
2019","May
2019","May
2019",,Az. Rose,Az. Rose,Az. Rose,Az. Rose,Az. Rose,Az. Rose,,Gysahl Greens,Gysahl Greens,Gysahl Greens,Gysahl Greens,Gysahl Greens,Gysahl Greens,Gysahl Greens,Gysahl Greens,Gysahl Greens,Gysahl Greens,,P. Pineapple,Mid. Basil,LaNo Leek,Honey Lemon,Onion Prince,Mandrake,LaNo Leek,Mid. Cabbage,Royal Kukuru,Wiz. Eggplant,Apricot,Rolanberry,Mid. Cabbage,
Mimett Gourd,X,X,,,,,,,,,,,,,,,,,,,,,X,X,Paprika,,,Tomato King,Tomato King,X,Tomato King,,X,X,X,X,,X,X,X,X,,X,X,X,X,X,,"Shroud Tea

Thav. Onion",X,,"Shroud Tea

Thav. Onion","Shroud Tea

Thav. Onion",,Thav. Onion,,"March
2019","March
2019","March
2019",,"January
2019","January
2019","January
2019","January
2019","January
2019","January
2019",,Az. Rose,Az. Rose,Az. Rose,Az. Rose,Az. Rose,Az. Rose,,Gysahl Greens,Gysahl Greens,Gysahl Greens,Gysahl Greens,Gysahl Greens,Gysahl Greens,Gysahl Greens,Gysahl Greens,Gysahl Greens,Gysahl Greens,,P. Pineapple,Mid. Basil,LaNo Leek,Honey Lemon,Onion Prince,Mandrake,LaNo Leek,Mid. Cabbage,Royal Kukuru,Wiz. Eggplant,Apricot,Rolanberry,Mid. Cabbage,
Pahsana Fruit,X,X,,,Special Thanks:,,,,,Major Thanks to: Shalannah#8781 (super tester & support),,,,,,,,,,,,,X,X,X,,,Tomato King,Tomato King,Tomato King,X,,X,X,X,X,,X,X,X,X,,X,X,X,X,X,,X,X,X,X,X,,X,X,,"March
2019","March
2019",,X,X,X,X,X,X,,Az. Rose,Az. Rose,Az. Rose,Az. Rose,Az. Rose,Az. Rose,,Gysahl Greens,Gysahl Greens,Gysahl Greens,Gysahl Greens,Gysahl Greens,Gysahl Greens,Gysahl Greens,Gysahl Greens,Gysahl Greens,Gysahl Greens,,P. Pineapple,Mid. Basil,LaNo Leek,Honey Lemon,Onion Prince,Mandrake,LaNo Leek,Mid. Cabbage,Royal Kukuru,Wiz. Eggplant,Apricot,Rolanberry,Mid. Cabbage,
Sylkis Bud,X,X,,,,"Flip Side @ Faerie
Zuki Tanooki @ Faerie",,,"Kohana Mirumoto @ Faerie
Eirwen Theoorou @ Faerie",,,,"Kazyan Erion @ Faeire
Toreba Souka @ Faerie",,,"Hannu Langnese @ Faerie
Chai X'Strife @ Faerie",,,"Daniel Hasan @ Faeire
Takeshi Kobaya @ Faerie",,,,X,X,X,,,Tomato King,Mandrake,X,X,,X,X,X,X,,X,X,X,X,,Pearl Ginger,X,X,X,X,,"Shroud Tea

Thav. Onion",Thav. Onion,"Thav. Onion

Shroud Tea","Shroud Tea

Thav. Onion",X,,X,X,X,,"March
2019",,X,X,X,X,X,X,,Az. Rose,Az. Rose,Az. Rose,Az. Rose,Az. Rose,Az. Rose,,Gysahl Greens,Gysahl Greens,Gysahl Greens,Gysahl Greens,Gysahl Greens,Gysahl Greens,Gysahl Greens,Gysahl Greens,Gysahl Greens,Gysahl Greens,,P. Pineapple,Mid. Basil,LaNo Leek,Honey Lemon,Onion Prince,Mandrake,LaNo Leek,Mid. Cabbage,Royal Kukuru,Wiz. Eggplant,Apricot,Rolanberry,Mid. Cabbage,
Tantalplant,Gysahl Greens,"Gysahl Greens

Linseed",,,,,,,,,,,,,,,,,,,,,"Dz. Tomato

Paprika",Paprika,Paprika,,,Tomato King,Tomato King,X,Tomato King,,Dz. Tomato,Dz. Tomato,Dz. Tomato,Dz. Tomato,,Sun Lemon,Sun Lemon,Sun Lemon,Sun Lemon,,Pearl Ginger,Pearl Ginger,Pearl Ginger,Pearl Ginger,Pearl Ginger,,"Shroud Tea

Thav. Onion","Shroud Tea

Thav. Onion","Shroud Tea

Thav. Onion","Shroud Tea

Thav. Onion",X,,Az. Rose,X,X,X,,,X,X,X,"October
2018",X,X,,Az. Rose,Az. Rose,Az. Rose,Az. Rose,Az. Rose,Az. Rose,,Gysahl Greens,Gysahl Greens,Gysahl Greens,Gysahl Greens,Gysahl Greens,Gysahl Greens,Gysahl Greens,Gysahl Greens,Gysahl Greens,Gysahl Greens,,P. Pineapple,Mid. Basil,LaNo Leek,Honey Lemon,Onion Prince,Mandrake,LaNo Leek,Mid. Cabbage,Royal Kukuru,Wiz. Eggplant,Apricot,Rolanberry,Mid. Cabbage,
,,,,,,,,,,,,,,,,,,,,,,,,,,,,,,,,,,,,,,,,,,,,,,,,,,,,,,,,,,,,,,,,,,,,,,,,,,,,,,,,,,,,,,,,,,,,,,,,,,,
Earthlight,AlaM Mustard,AlaM Mustard,,Mandrake,X,,Dz. Tomato,Dz. Tomato,,Sun Lemon,Sun Lemon,,TESTING,X,,X,X,,P. Pineapple,X,P. Pineapple,,X,X,X,,,Garlic Jester,Garlic Jester,Garlic Jester,Garlic Jester,,Mid. Cabbage,X,X,Mid. Cabbage,,,,,,,,,,,,,,,,,,,X,X,X,X,X,,,"March
2019","March
2019","March
2019","March
2019","March
2019",,Almond,Almond,Almond,Almond,Almond,Almond,,X,X,X,X,"June
2018",X,X,X,X,X,,Honey Lemon,Pearl Ginger,Dz. Tomato,Mirror Apple,Linseed,Mid. Basil,Wiz. Eggplant,Popoto,Apricot,Paprika,Rolanberry,Blood Currant,Wiz. Eggplant,
Firelight,AlaM Mustard,X,,X,Mandrake,,Dz. Tomato,Dz. Tomato,,Sun Lemon,Sun Lemon,,Coerth. Carrot,X,,X,X,,P. Pineapple,X,P. Pineapple,,X,X,X,,,Garlic Jester,Garlic Jester,Garlic Jester,Garlic Jester,,X,Mid. Cabbage,X,Mid. Cabbage,,,,,,,,,,,,,,,,,,,X,X,X,X,X,,X,,"March
2019","March
2019","March
2019","March
2019",,Almond,Almond,Almond,Almond,Almond,Almond,,"August 
2018","August 
2018",X,X,X,X,X,X,X,X,,Honey Lemon,Pearl Ginger,Dz. Tomato,Mirror Apple,Linseed,Mid. Basil,Wiz. Eggplant,Popoto,Apricot,Paprika,Rolanberry,Blood Currant,Wiz. Eggplant,
Icelight,AlaM Mustard,X,,X,Mandrake,,Dz. Tomato,Dz. Tomato,,Sun Lemon,Sun Lemon,,X,X,,X,X,,P. Pineapple,X,P. Pineapple,,X,X,X,,,Garlic Jester,Garlic Jester,Garlic Jester,Garlic Jester,,X,X,X,Mid. Cabbage,,,,,,,,,,,,,,,,,,,X,X,X,X,X,,X,X,,"March
2019","March
2019","March
2019",,Almond,Almond,Almond,Almond,Almond,Almond,,X,X,X,X,X,X,X,X,X,X,,Honey Lemon,Pearl Ginger,Dz. Tomato,Mirror Apple,Linseed,Mid. Basil,Wiz. Eggplant,Popoto,Apricot,Paprika,Rolanberry,Blood Currant,Wiz. Eggplant,
Levinlight,AlaM Mustard,X,,X,Mandrake,,Dz. Tomato,Dz. Tomato,,Sun Lemon,Sun Lemon,,X,X,,X,X,,P. Pineapple,X,P. Pineapple,,X,X,X,,,Garlic Jester,Garlic Jester,Garlic Jester,Garlic Jester,,X,Mid. Cabbage,X,Mid. Cabbage,,,,,,,,,,,,,,,,,,,X,X,X,X,"October
2018",,X,X,X,,"March
2019","March
2019",,Almond,Almond,Almond,Almond,Almond,Almond,,X,X,X,X,X,X,X,X,X,X,,Honey Lemon,Pearl Ginger,Dz. Tomato,Mirror Apple,Linseed,Mid. Basil,Wiz. Eggplant,Popoto,Apricot,Paprika,Rolanberry,Blood Currant,Wiz. Eggplant,
Waterlight,AlaM Mustard,X,,X,Mandrake,,Dz. Tomato,Dz. Tomato,,Sun Lemon,Sun Lemon,,X,X,,X,X,,P. Pineapple,X,P. Pineapple,,X,X,X,,,Garlic Jester,Garlic Jester,Garlic Jester,Garlic Jester,,X,X,X,Mid. Cabbage,,,,,,,,,,,,,,,,,,,X,X,X,X,X,,X,X,X,X,,"March
2019",,Almond,Almond,Almond,Almond,Almond,Almond,,X,X,X,X,X,X,X,"September
2018",X,X,,Honey Lemon,Pearl Ginger,Dz. Tomato,Mirror Apple,Linseed,Mid. Basil,Wiz. Eggplant,Popoto,Apricot,Paprika,Rolanberry,Blood Currant,Wiz. Eggplant,
Windlight,AlaM Mustard,X,,X,Mandrake,,Dz. Tomato,Dz. Tomato,,Sun Lemon,Sun Lemon,,X,X,,X,X,,P. Pineapple,X,P. Pineapple,,X,X,"September
2018",,,Garlic Jester,Garlic Jester,Garlic Jester,Garlic Jester,,X,Mid. Cabbage,X,Mid. Cabbage,,,,,,,,,,,,,,,,,,,X,X,X,X,X,,X,X,X,X,X,,,Almond,Almond,Almond,Almond,Almond,Almond,,X,X,X,X,X,X,X,"September
2018",X,X,,Honey Lemon,Pearl Ginger,Dz. Tomato,Mirror Apple,Linseed,Mid. Basil,Wiz. Eggplant,Popoto,Apricot,Paprika,Rolanberry,Blood Currant,Wiz. Eggplant,
,,,,,,,,,,,,,,,,,,,,,,,,,,,,,,,,,,,,,,,,,,,,,,,,,,,,,,,,,,,,,,,,,,,,,,,,,,,,,,,,,,,,,,,,,,,,,,,,,,,
Eggplant Knight,Az. Rose,Azeyma Rose,,Pearl Roselle,Pearl Rose,,"Dal. Popoto

Star Anise","Dal. Popoto

Star Anise",,"Honey Lemon

Tomato King","Honey Lemon

Tomato King",,Almond,"Almond

Wiz. Eggplantnt",,X,X,,"Royal Kukuru

Star Anise","Royal kukuru

Star Anise",X,,X,"Eggplant Knight

Wiz. Eggplant",X,,,Jute,Jute,Jute,Jute,,"LaNo Leek

Shroud Tea","LaNo Leek

Shroud Tea","LaNo Leek

Shroud Tea",X,,"Eggplant Knight

Mirror Apple","Eggplant Knight

Mirror Apple",X,"Eggplant Knight

Mirror Apple",,Almond,X,X,Almond,Almond,,"September
2018",X,"September
2018",X,"September
2018",,Az. Rose,X,Az. Rose,Az. Rose,X,,Almond,Almond,Almond,Almond,Almond,Almond,,,Broombush,Broombush,Broombush,Broombush,Broombush,,Eggplant Knight,Eggplant Knight,Eggplant Knight,Eggplant Knight,Eggplant Knight,Eggplant Knight,Eggplant Knight,Eggplant Knight,Eggplant Knight,Eggplant Knight,,"Apricot

Shroud Tea",Shroud Tea,"Dal. Popoto

Star Anise","Az. Rose

P. Pineapple",Star Anise,Ny. Lily,"LaNo Leek

Shroud Tea","Az. Rose

Dz. Tomato","Ny. Lily

Royal Kukuru","Mid. Cabbage

Tomato King","Apricot

Shroud Tea","Az. Rose

Honey Lemon","Az. Rose

Dz. Tomato",
Garlic Jester,Az. Rose,Az. Rose,,Pearl Rose.,Pearl Rose,,"Dal. Popoto

Star Anise","Dal. Popoto

Star Anise",,Honey Lemon,X,,Almond,X,,"Almond

Rolanberry",Almond,,"Star Anise

Royal Kukuru",Star Anise,X,,X,X,"Eggplant Knight

Wiz. Eggplant",,,Jute,Jute,Jute,Jute,,X,X,X,X,,"Eggplant Knight

Mirror Apple",Eggplant Knight,Mirror Apple,Eggplant Knight,,Almond,X,X,X,Almond,,X,X,"August 
2018",X,X,,X,X,X,Az. Rose,X,,Almond,Almond,X,X,Almond,Almond,,Broombush,,Broombush,Broombush,Broombush,Broombush,,Eggplant Knight,Eggplant Knight,Eggplant Knight,Eggplant Knight,Eggplant Knight,Eggplant Knight,Eggplant Knight,Eggplant Knight,Eggplant Knight,Eggplant Knight,,"Apricot

Shroud Tea",Shroud Tea,"Dal. Popoto

Star Anise","Az. Rose

P. Pineapple",Star Anise,Ny. Lily,"LaNo Leek

Shroud Tea","Az. Rose

Dz. Tomato","Ny. Lily

Royal Kukuru","Mid. Cabbage

Tomato King","Apricot

Shroud Tea","Az. Rose

Honey Lemon","Az. Rose

Dz. Tomato",
Mandragora Queen,Az. Rose,Az. Rose,,Pearl Rose,Pearl Rose,,"Dal. Popoto

Star Anise","Dal. Popoto

Star Anise",,"Honey Lemon

Tomato King","Honey Lemon

Tomato King",,"Almond

Wiz. Eggplant",Almond,,"Almond

Rolanberry","Almond

Rolanberry",,Star Anise,Royal Kukuru,X,,Wiz. Eggplant,"Eggplant Knight

Wiz. Eggplant","Eggplant Knight

Wiz. Eggplant",,,Jute,Jute,Jute,Jute,,"LaNo Leek

Shroud Tea","LaNo Leek

Shroud Tea","LaNo Leek

Shroud Tea","LaNo Leek

Shroud Tea",,"Eggplant Knight

Mirror Apple","Eggplant Knight

Mirror Apple","Eggplant Knight

Mirror Apple","Eggplant Knight

Mirror Apple",,Almond,Almond,Almond,Almond,Almond,,"December
2015",X,"December
2015",X,"June
2018",,Aze. Rose,Az. Rose,Az. Rose,Az. Rose,Az. Rose,,Almond,Almond,Almond,Almond,Almond,Almond,,Broombush,Broombush,,Broombush,Broombush,Broombush,,Eggplant Knight,Eggplant Knight,Eggplant Knight,Eggplant Knight,Eggplant Knight,Eggplant Knight,Eggplant Knight,Eggplant Knight,Eggplant Knight,Eggplant Knight,,"Apricot

Shroud Tea",Shroud Tea,"Dal/ Popoto

Star Anise","Az. Rose

P. Pineapple",Star Anise,Ny. Lily,"LaNo Leek

Shroud Tea","Az. Rose

Dz. Tomato","Ny. Lily

Royal Kukuru","Mid. Cabbage

Tomato King","Apricot

Shroud Tea","Az. Rose

Honey Lemon","Az. Rose

Dz. Tomato",
Onion Prince,Az. Rose,Az. Rose,,Pearl Rose,Pearl Rose,,"Dal. Popoto

Star Anise","Dal. Popoto

Star Anise",,"Honey Lemon

Tomato King","Honey Lemon

Tomato King",,"Almond

Wiz. Eggplant","Almond

Wiz. Eggplantnt",,"Almond

Rolanberry","Almond

Rolanberryry",,Star Anise,X,X,,"Eggplant Knight

Wiz. Eggplant",Wiz. Eggplant,"Eggplant Knight

Wiz. Eggplant",,,Jute,Jute,Jute,Jute,,"LaNo Leek

Shroud Tea","LaNo Leek

Shroud Tea",Shroud Tea,LaNo Leek,,"Eggplant Knight

Mirror Apple","Eggplant Knight

Mirror Apple",Eggplant Knight,"Eggplant Knight

Mirror Apple",,Almond,Almond,Almond,Almond,Almond,,"December
2018",X,"August 
2018",X,"November
2018",,X,X,X,Az. Rose,X,,Almond,Almond,Almond,Almond,Almond,Almond,,Broombush,Broombush,Broombush,,Broombush,Broombush,,Eggplant Knight,Eggplant Knight,Eggplant Knight,Eggplant Knight,Eggplant Knight,Eggplant Knight,Eggplant Knight,Eggplant Knight,Eggplant Knight,Eggplant Knight,,"Apricot

Shroud Tea",Shroud Tea,"Dal. Popoto

Star Anise","Az. Rose

P. Pineapple",Star Anise,Ny. Lily,"LaNo Leek

Shroud Tea","Az. Rose

Dz. Tomato","Ny. Lily

Royal Kukuru","Mid. Cabbage

Tomato King","Apricot

Shroud Tea","Az. Rose

Honey Lemon","Az. Rose

Dz. Tomato",
Star Anise,Az. Rose,Az. Rose,,Pearl Rose,Pearl Rose,,Star Anise,"Dal. Popoto

Star Anise",,"Honey Lemon

Tomato King","Honey Lemon

Tomato King",,Wiz. Eggplant,"Almond

Wiz. Eggplantnt",,Rolanberry,Rolanberry,,Royal Kukuru,X,X,,Eggplant Knight,Wiz. Eggplant,Wiz. Eggplant,,,Jute,Jute,Jute,Jute,,"LaNo Leek

Shroud Tea",LaNo Leek,LaNo Leek,X,,"Eggplant Knight

Mirror Apple",X,X,X,,Almond,X,X,X,Almond,,"September
2018",X,X,X,"November
2018",,X,X,X,X,Az. Rose,,Almond,Almond,X,Almond,Almond,Almond,,Broombush,Broombush,Broombush,Broombush,,Broombush,,Eggplant Knight,Eggplant Knight,Eggplant Knight,Eggplant Knight,Eggplant Knight,Eggplant Knight,Eggplant Knight,Eggplant Knight,Eggplant Knight,Eggplant Knight,,"Apricot

Shroud Tea",Shroud Tea,"Dal. Popoto

Star Anise","Az. Rose

P. Pineapple",Star Anise,Ny. Lily,"LaNo Leek

Shroud Tea","Az. Rose

Dz. Tomato","Ny. Lily

Royal Kukuru","Mid. Cabbage

Tomato King","Apricot

Shroud Tea","Az. Rose

Honey Lemon","Az. Rose

Dz. Tomato",
Tomato King,Az. Rose,Az. Rose,,Pearl Roselle,Pearl Rose,,"Dal. Popoto

Star Anise","Dal. Popoto

Star Anise",,"Honey Lemon

Tomato King","Honey Lemon

Tomato King",,Almond,X,,X,X,,Star Anise,X,X,,X,X,X,,,Jute,Jute,Jute,Jute,,"LaNo Leek

Shroud Tea",X,X,X,,"Eggplant Knight

Mirror Apple",X,X,X,,Almond,Almond,X,Almond,Almond,,Eggplant Knight,X,X,X,"November
2018",,X,X,Az. Rose,X,X,,Almond,Almond,Almond,Almond,X,X,,Broombush,Broombush,Broombush,Broombush,Broombush,,,Eggplant Knight,Eggplant Knight,Eggplant Knight,Eggplant Knight,Eggplant Knight,Eggplant Knight,Eggplant Knight,Eggplant Knight,Eggplant Knight,Eggplant Knight,,"Apricot

Shroud Tea",Shroud Tea,"Dal. Popoto

Star Anise","Az. Rose

P. Pineapple",Star Anise,Ny. Lily,"LaNo Leek

Shroud Tea","Az. Rose

Dz. Tomato","Ny. Lily

Royal Kukuru","Mid. Cabbage

Tomato King","Apricot

Shroud Tea","Az. Rose

Honey Lemon","Az. Rose

Dz. Tomato",
,,,,,,,,,,,,,,,,,,,,,,,,,,,,,,,,,,,,,,,,,,,,,,,,,,,,,,,,,,,,,,,,,,,,,,,,,,,,,,,,,,,,,,,,,,,,,,,,,,,
Cieldalaes Pineapple,AlaM Mustard,X,,X,"Mimett Gourd

Onion Prince",,X,Dz. Tomato,,X,X,,X,X,,X,X,,P. Pineapple,X,P. Pineapple,,X,X,X,,,"Mandrake

Sylkis Bud","Mandrake

Sylkis Bud","Mandrake

Sylkis Bud",Sylkis Bud,,X,X,X,X,,X,X,X,X,,"December
2018","July
2018","August 
2018","September
2018",X,,Tomato King,X,X,X,X,,X,X,X,X,X,,X,"August 
2018",X,X,X,X,,X,X,Eggplant Knight,Eggplant Knight,X,X,,,Gysahl Greens,Gysahl Greens,Gysahl Greens,Gysahl Greens,Gysahl Greens,Gysahl Greens,Gysahl Greens,Gysahl Greens,Gysahl Greens,,"Honey Lemon

Sylkis bud","Curiel Root

Pearl Ginger",LaNo Leek,"Mirror Apple

Tantalplant","Linseed

Pahsana Fruit","Mid. Basil

Tantalplant","Mid. Cabbage

Mimett Gourd","Pahsana Fruit

Popoto","Apricot

Gysahl Greens","Curiel Root

Paprika","Mimett Gourd

Rolanberry","Blood Currant

Pahsana Fruit","Tantalplant

Wiz. Eggplant",
Doman Plum,AlaM Mustard,"AlaM Mustard

Gysahl Greens",,X,"Mimett Gourd

Onion Prince",,X,Dz. Tomato,,X,X,,X,X,,"Gysahl Greens

Pixie Plum",X,,P. Pineapple,P. Pineapple,P. Pineapple,,X,X,X,,,"Mandrake

Sylkis Bud","Mandrake

Sylkis Bud",X,"Mandrake

Sylkis Bud",,"Mid. Cabbage

Sylkis Bud",X,X,X,,X,X,X,X,,"December
2018",X,"August 
2018",X,X,,Tomato King,X,X,X,X,,X,X,X,X,Gysahl Greens,,X,"August 
2018",X,X,X,X,,X,X,Eggplant Knight,X,Eggplant Knight,X,,X,,Gysahl Greens,Gysahl Greens,Gysahl Greens,Gysahl Greens,Gysahl Greens,Gysahl Greens,Gysahl Greens,Gysahl Greens,,"Honey Lemon

Sylkis bud","Curiel Root

Pearl Ginger",LaNo Leek,"Mirror Apple

Tantalplant","Linseed

Pahsana Fruit","Mid. Basil

Tantalplant","Mid. Cabbage

Mimett Gourd","Pahsana Fruit

Popoto","Apricot

Gysahl Greens","Curiel Root

Paprika","Mimett Gourd

Rolanberry","Blood Currant

Pahsana Fruit","Tantalplant

Wiz. Eggplant",
Gysahl Greens,X,"AlaM Mustard

Gysahl Greens",,X,"Mimett Gourd

Onion Prince",,Dz. Tomato,Dz. Tomato,,"Curiel Root

Sun Lemon",Sun lemon,,Coerth Carrot,X,,X,X,,P. Pineapple,X,P. Pineapple,,"October
2018",X,X,,,X,"Mandrake

Sylkis Bud",X,"Mandrake

Sylkis Bud",,X,"Mid. Cabbage

Sylkis Bud",X,"Mid. Cabbage

Sylkis Bud",,X,"September
2018",X,X,,"December
2018",X,X,X,X,,Tomato King,X,X,X,X,,Gysahl Greens,X,X,X,Gysahl Greens,,X,X,X,X,X,X,,Eggplant Knight,X,Eggplant Knight,Eggplant Knight,Eggplant Knight,X,,X,X,,Gysahl Greens,Gysahl Greens,Gysahl Greens,Gysahl Greens,Gysahl Greens,Gysahl Greens,Gysahl Greens,,"Honey Lemon

Sylkis bud","Curiel Root

Pearl Ginger",LaNo Leek,"Mirror Apple

Tantalplant","Linseed

Pahsana Fruit","Mid. Basil

Tantalplant","Mid. Cabbage

Mimett Gourd","Pahsana Fruit

Popoto","Apricot

Gysahl Greens","Curiel Root

Paprika","Mimett Gourd

Rolanberry","Blood Currant

Pahsana Fruit","Tantalplant

Wiz. Eggplant",
Han Lemon,X,X,,X,Mimett Gourd,,X,Dz. Tomato,,X,X,,X,X,,X,X,,P. Pineapple,X,P. Pineapple,,X,X,X,,,X,"Mandrake

Sylkis Bud",X,X,,X,X,X,X,,Rolanberry,X,X,X,,"December
2018","July 
2018",X,X,X,,Tomato King,X,X,X,X,,X,X,X,X,Gysahl Greens,,X,X,X,X,X,X,,X,X,Eggplant Knight,Eggplant Knight,Eggplant Knight,Eggplant Knight,,Gysahl Greens,Mirror Apple,X,,Gysahl Greens,Gysahl Greens,Gysahl Greens,Gysahl Greens,Gysahl Greens,Gysahl Greens,,"Honey Lemon

Sylkis bud","Curiel Root

Pearl Ginger",LaNo Leek,"Mirror Apple

Tantalplant","Linseed

Pahsana Fruit","Mid. Basil

Tantalplant","Mid. Cabbage

Mimett Gourd","Pahsana Fruit

Popoto","Apricot

Gysahl Greens","Curiel Root

Paprika","Mimett Gourd

Rolanberry","Blood Currant

Pahsana Fruit","Tantalplant

Wiz. Eggplant",
Krakka Root,"AlaM Mustard

Gysahl Greens","AlaM Mustard

Gysahl Greens",,"Mimett Gourd

Onion Prince","Mimett Gourd

Onion Prince",,Dz. Tomato,Dz. Tomato,,"Curiel Root

Sun Lemon","Curiel Root

Sun Lemon",,"Coerth. Carrot

Gysahl Greens","Coerth. Carrot

Gysahl Greens",,"Gysahl Greens

Pixie Plum",X,,P. Pineapple,P. Pineapple,P. Pineapple,,X,"September
2018",X,,,"Mandrake

Sylkis Bud","Mandrake

Sylkis Bud","Mandrake

Sylkis Bud","Mandrake

Sylkis Bud",,"Mid. Cabbage

Sylkis Bud","Mid. Cabbage

Sylkis Bud","Mid. Cabbage

Sylkis Bud","Mid. Cabbage

Sylkis Bud",,"June
2018",X,X,X,,"June
2018","June
2018","July 
2018","September
2018",X,,Tomato King,Tomato King,Tomato King,Tomato King,"Sylkis Bud

Tomato King",,Gysahl Greens,X,Gysahl Greens,Gysahl Greens,Gysahl Greens,,"June
2018",X,X,X,X,X,,Eggplant Knight,Eggplant Knight,Eggplant Knight,Eggplant Knight,Eggplant Knight,Eggplant Knight,,X,Gysahl Greens,Gysahl Greens,X,,Gysahl Greens,Gysahl Greens,Gysahl Greens,Gysahl Greens,Gysahl Greens,,"Honey Lemon

Sylkis bud","Curiel Root

Pearl Ginger",LaNo Leek,"Mirror Apple

Tantalplant","Linseed

Pahsana Fruit","Mid. Basil

Tantalplant","Mid. Cabbage

Mimett Gourd","Pahsana Fruit

Popoto","Apricot

Gysahl Greens","Curiel Root

Paprika","Mimett Gourd

Rolanberry","Blood Currant

Pahsana Fruit","Tantalplant

Wiz. Eggplant",
Mamook Pear,X,X,,X,"Mimett Gourd

Onion Prince",,X,Dz. Tomato,,X,"Curiel Root

Sun Lemon",,X,X,,X,X,,P. Pineapple,P. Pineapple,P. Pineapple,,X,X,X,,,"Mandrake

Sylkis Bud","Mandrake

Sylkis Bud",X,X,,X,X,X,X,,X,X,X,X,,"December
2018",X,X,X,X,,Tomato King,X,X,X,X,,X,X,X,X,Gysahl Greens,,X,X,X,X,X,X,,X,Mirror Apple,Eggplant Knight,Eggplant Knight,Eggplant Knight,Eggplant Knight,,X,Gysahl Greens,X,X,Gysahl Greens,,Gysahl Greens,Gysahl Greens,Gysahl Greens,Gysahl Greens,,"Honey Lemon

Sylkis bud","Curiel Root

Pearl Ginger",LaNo Leek,"Mirror Apple

Tantalplant","Linseed

Pahsana Fruit","Mid. Basil

Tantalplant","Mid. Cabbage

Mimett Gourd","Pahsana Fruit

Popoto","Apricot

Gysahl Greens","Curiel Root

Paprika","Mimett Gourd

Rolanberry","Blood Currant

Pahsana Fruit","Tantalplant

Wiz. Eggplant",
O'Ghomoro Berry,X,X,,X,"Mimett Gourd

Onion Prince",,X,Dz. Tomato,,X,X,,X,X,,Pixie Plum,X,,P. Pineapple,X,P. Pineapple,,X,X,X,,,"Mandrake

Sylkis Bud","Mandrake

Sylkis Bud","Mandrake

Sylkis Bud",X,,X,X,X,X,,X,X,X,X,,"December
2018",X,"August 
2018",X,X,,Tomato King,X,Tomato King,X,X,,X,X,X,X,Gysahl Greens,,X,X,X,X,X,X,,X,Eggplant Knight,Eggplant Knight,Eggplant Knight,X,Eggplant Knight,,Gysahl Greens,X,X,X,Gysahl Greens,Gysahl Greens,,Gysahl Greens,Gysahl Greens,Gysahl Greens,,"Honey Lemon

Sylkis bud","Curiel Root

Pearl Ginger",LaNo Leek,"Mirror Apple

Tantalplant","Linseed

Pahsana Fruit","Mid. Basil

Tantalplant","Mid. Cabbage

Mimett Gourd","Pahsana Fruit

Popoto","Apricot

Gysahl Greens","Curiel Root

Paprika","Mimett Gourd

Rolanberry","Blood Currant

Pahsana Fruit","Tantalplant

Wiz. Eggplant",
Thavnairian Onion,Gysahl Greens,"AlaM Mustard

Gysahl Greens",,"Mimett Gourd

Onion Prince","Mimett Gourd

Onion Prince",,Dz. Tomato,Dz. Tomato,,X,"Curiel Root

Sun Lemon",,"Coerth. Carrot

Gysahl Greens",Gysahl Greens,,X,X,,P. Pineapple,P. Pineapple,P. Pineapple,,X,X,X,,,"Mandrake

Sylkis Bud","Mandrake

Sylkis Bud","Mandrake

Sylkis Bud","Mandrake

Sylkis Bud",,"Mid. Cabbage

Sylkis Bud","Mid. Cabbage

Sylkis Bud",X,"Mid. Cabbage

Sylkis Bud",,"July 
2018",X,X,X,,"July 
2018",X,X,X,X,,Tomato King,Tomato King,Tomato King,Tomato King,Tomato King,,Gysahl Greens,Gysahl Greens,X,Gysahl Greens,Gysahl Greens,,X,X,X,X,"September
2018","September
2018",,Eggplant Knight,X,Eggplant Knight,Eggplant Knight,TESTING,Eggplant Knight,,X,X,Gysahl Greens,X,Gysahl Greens,X,X,,Gysahl Greens,Gysahl Greens,,"Honey Lemon

Sylkis bud","Curiel Root

Pearl Ginger",LaNo Leek,"Mirror Apple

Tantalplant","Linseed

Pahsana Fruit","Mid. Basil

Tantalplant","Mid. Cabbage

Mimett Gourd","Pahsana Fruit

Popoto","Apricot

Gysahl Greens","Curiel Root

Paprika","Mimett Gourd

Rolanberry","Blood Currant

Pahsana Fruit","Tantalplant

Wiz. Eggplant",
Valfruit,"AlaM Mustard

Gysahl Greens",X,,X,"Mimett Gourd

Onion Prince",,X,Dz. Tomato,,X,X,,Gysahl Greens,X,,X,X,,P. Pineapple,X,P. Pineapple,,X,X,X,,,"Mandrake

Sylkis Bud","Mandrake

Sylkis Bud","Mandrake

Sylkis Bud",X,,X,"Sylkis Bud

Mid. Cabbage",X,X,,X,X,X,X,,"December
2018",X,X,X,X,,Tomato King,X,X,X,X,,X,X,X,X,Gysahl Greens,,X,X,X,X,X,X,,X,X,Eggplant Knight,Eggplant Knight,X,Eggplant Knight,,X,X,X,X,Gysahl Greens,X,Gysahl Greens,X,,Gysahl Greens,,"Honey Lemon

Sylkis bud","Curiel Root

Pearl Ginger",LaNo Leek,"Mirror Apple

Tantalplant","Linseed

Pahsana Fruit","Mid. Basil

Tantalplant","Mid. Cabbage

Mimett Gourd","Pahsana Fruit

Popoto","Apricot

Gysahl Greens","Curiel Root

Paprika","Mimett Gourd

Rolanberry","Blood Currant

Pahsana Fruit","Tantalplant

Wiz. Eggplant",
Xelphatol Apple,X,X,,X,"Mimett Gourd

Onion Prince",,X,Dz. Tomato,,Sun Lemon,Sun Lemon,,X,X,,X,X,,P. Pineapple,X,P. Pineapple,,X,X,X,,,X,"Mandrake

Sylkis Bud","Mandrake

Sylkis Bud",X,,X,X,X,X,,X,X,X,X,,"December
2018",X,"August 
2018",X,X,,Tomato King,X,X,X,X,,X,X,X,X,Gysahl Greens,,X,X,X,X,X,X,,X,X,Eggplant Knight,Eggplant Knight,X,Eggplant Knight,,X,X,X,X,Gysahl Greens,Gysahl Greens,Gysahl Greens,X,Gysahl Greens,,,"Honey Lemon

Sylkis bud","Curiel Root

Pearl Ginger",LaNo Leek,"Mirror Apple

Tantalplant","Linseed

Pahsana Fruit","Mid. Basil

Tantalplant","Mid. Cabbage

Mimett Gourd","Pahsana Fruit

Popoto","Apricot

Gysahl Greens","Curiel Root

Paprika","Mimett Gourd

Rolanberry","Blood Currant

Pahsana Fruit","Tantalplant

Wiz. Eggplant",
,,,,,,,,,,,,,,,,,,,,,,,,,,,,,,,,,,,,,,,,,,,,,,,,,,,,,,,,,,,,,,,,,,,,,,,,,,,,,,,,,,,,,,,,,,,,,,,,,,,
Apricot,,,,,,,,,,,,,,,,,,,,,,,,,,,,,,,,,,,,,,,,,,,,,,,,,,,,,,,,,,,,,,,,,,,,,,,,,,,,,,,,,,,,,,,"Apricot

Onion Prince","Apricot

LaNo Leek",Royal Kukuru,"Mandrake

P. Pineapple","Eggplant Knight

P. Pineapple","Apricot

Dz. Tomato","Mid. Cabbage

P. Pineapple","July 
2018","Apricot

Mid. Cabbage",Royal Kukuru,Apricot,"LaNo Leek

P. Pineapple",
Chamomile,,,,,,,,,,,,,,,,,,,,,,,,,,,,,,,,,,,,,,,,,,,,,,,,,,,,,,,,,,,,,,,,,,,,,,,,,,,,,,,,,,,,,,,,"Dz. Tomato

Garlic Jester","Mid. Basil

Rolanberry",Garlic Jester,Almond,"Mandrake

Mid. Cabbage","Mid. Basil

Wiz. Eggplant","Almond

Apricot","Linseed

Popoto","Honey Lemon

Mandrake","Mid. Basil

Mirror Apple","Mid. Basil

Mid. Cabbage",
Dalamud Popoto Set,,,,,,,,,,,,,,,,,,,,,,,,,,,,,,,,,,,,,,,,,,,,,,,,,,,,,,,,,,,,,,,,,,,,,,,,,,,,,,,,,,,,,,,,,"LaNo Leek

P. Pineapple","Almond

LaNo Leek","Almond

LaNo Leek","December
2018",Dal. Popoto,"Dal. Popoto

Royal Kukuru",LaNo Leek,"Apricot

LaNo Leek","Honey Lemon

LaNo Leek",Dal. Popoto,
Honey Lemon,,,,,,,,,,,,,,,,,,,,,,,,,,,,,,,,,,,,,,,,,,,,,,,,,,,,,,,,,,,,,,,,,,,,,,,,,,,,,,,,,,,,,,,,,,"Honey Lemon

Onion Prince","Honey Lemon

Mandrake","Honey Lemon

LaNo Leek","Honey Lemon

Mid. Cabbage",Umbrella Fig,"Rolanberry

Wiz. Eggplant",Apricot,P. Pineapple,"Honey Lemon

Mid. Cabbage",
Linseed,,,,,,,,,,,,,,,,,,,,,,,,,,,,,,,,,,,,,,,,,,,,,,,,,,,,,,,,,,,,,,,,,,,,,,,,,,,,,,,,,,,,,,,,,,,Almond,"Dz. Tomato

Garlic Jester","Mandrake

Wiz. Eggplant","Almond

Royal Kukuru","Midland Basil

Wiz. Eggplant","Garlic Jester

Honey Lemon","Mandrake

Rolanberry","Mid. Cabbage

Onion Prince",
Midland Basil,,,,,,,,,,,,,,,,,,,,,,,,,,,,,,,,,,,,,,,,,,,,,,,,,,,,,,,,,,,,,,,,,,,,,,,,,,,,,,,,,,,,,,,,,,,,"Almond

LaNo Leek","Garlic Jester

Mid. Cabbage","Az. Rose

Royal Kukuru","Onion Prince

Wiz. Eggplant","Almonds

Apricot","Garlic Jester

Rolanberry","Mandrake

Mid. Cabbage",
Midland Cabbage,,,,,,,,,,,,,,,,,,,,,,,,,,,,,,,,,,,,,,,,,,,,,,,,,,,,,,,,,,,,,,,,,,,,,,,,,,,,,,,,,,,,,,NOTE: No Trends Zone,,,,,,,LaNo Leek,"Royal Kukuru

LaNo Leek",Dz. Tomato,"Dz. Tomato

P. Pineapple","Dz. Tomato

Honey Lemon",LaNo Leek,
Millioncorn,,,,,,,,,,,,,,,,,,,,,,,,,,,,,,,,,,,,,,,,,,,,,,,,,,,,,,,,,,,,,,,,,,,,,,,,,,,,,,,,,,,,,,,,,,,,,,"Dz. Tomato

Royal Kukuru",Mid. Cabbage,"Honey Lemon

Mid. Cabbage","Rolanberry

Wiz. Eggplant",Dz. Tomato,
Old World Fig,,,,,,,,,,,,,,,,,,,,,,,,,,,,,,,,,,,,,,,,,,,,,,,,,,,,,,,,,,,,,,,,,,,,,,,,,,,,,,,,,,,,,,,,,,,,,,,"Apricot

Dz. Tomato",Glazenut,Royal Kukuru,"LaNo Leek

Royal Kukuru",
Popoto Set,,,,,,,,,,,,,,,,,,,,,,,,,,,,,,,,,,,,,,,,,,,,,,,,,,,,,,,,,,,,,,,,,,,,,,,,,,,,,,,,,,,,,,,,,,,,,,,,"Honey Lemon

Wiz. Eggplant","Mirror Apple

Wiz. Eggplant",Dz. Tomato,
Prickly Pineapple,,,,,,,,,,,,,,,,,,,,,,,,,,,,,,,,,,,,,,,,,,,,,,,,,,,,,,,,,,,,,,,,,,,,,,,,,,,,,,,,,,,,,,,,,,,,,,,,,Apricot,"Apricot

Dz. Tomato",
Rolanberry,,,,,,,,,,,,,,,,,,,,,,,,,,,,,,,,,,,,,,,,,,,,,,,,,,,,,,,,,,,,,,,,,,,,,,,,,,,,,,,,,,,,,,,,,,,,,NOTE: No Trends Zone,,,,,"Mid. Cabbage

Rolanberry",
Wizard Eggplant,,,,,,,,,,,,,,,,,,,,,,,,,,,,,,,,,,,,,,,,,,,,,,,,,,,,,,,,,,,,,,,,,,,,,,,,,,,,,,,,,,,,,,,,,,,,,,,,,,,
,,,,,,,,,,,,,,,,,,,,,,,,,,,,,,,,,,,,,,,,,,,,,,,,,,,,,,,,,,,,,,,,,,,,,,,,,,,,,,,,,,,,,,,,,,,,,,,,,,,
